﻿<Ui xmlns:xsi="http://www.w3.org/2001/XMLSchema-instance" xmlns:xsd="http://www.w3.org/2001/XMLSchema" xmlns="http://www.blizzard.com/wow/ui/">
	<Script file="QuestDatabase.lua"></Script>

	<Button name="OdyQuestDatabaseIconTemplate" inherits="OdyMenuIconTemplate" virtual="true">
		<Scripts>
			<OnEnter>
				Odyssey.Quests.Database:Icon_OnEnter(self)
			</OnEnter>
		</Scripts>
	</Button>
	
	<Frame name="OdyQuestDatabaseRightClickMenuTemplate" inherits="UIDropDownMenuTemplate" hidden="true" virtual="true">
		<Size>
			<AbsDimension x="100" y="40"/>
		</Size>
	</Frame>
	
	<Button name="OdyQuestDatabaseEntryTemplate" virtual="true">
		<Size>
			<AbsDimension x="600" y="16"/>
		</Size>
		<Layers>
			<Layer level="BACKGROUND">
				<FontString name="$parentLevel" inherits="GameFontNormalSmall" justifyH="CENTER">
					<Size>
						<AbsDimension x="50" y="16"/>
					</Size>
					<Anchors>
						<Anchor point="TOPLEFT">
							<Offset>
								<AbsDimension x="182" y="0"/>
							</Offset>
						</Anchor>
					</Anchors>
				</FontString>
				<FontString name="$parentSide" inherits="GameFontNormalSmall" justifyH="CENTER">
					<Size>
						<AbsDimension x="50" y="16"/>
					</Size>
					<Anchors>
						<Anchor point="BOTTOMLEFT" relativeTo="$parentLevel" relativePoint="BOTTOMRIGHT">
							<Offset>
								<AbsDimension x="5" y="0"/>
							</Offset>
						</Anchor>
					</Anchors>
				</FontString>
			</Layer>
		</Layers>
		<Frames>
			<Button name="$parentIcon">
				<Size>
					<AbsDimension x="16" y="16"/>
				</Size>
				<Layers>
					<Layer level="OVERLAY">
						<Texture name="$parent_Texture"/>
					</Layer>
				</Layers>
				<Anchors>
					<Anchor point="TOPLEFT">
						<Offset>
							<AbsDimension x="7" y="0"/>
						</Offset>
					</Anchor>
				</Anchors>
			</Button>
			<Button name="$parentTitle">
				<Size>
					<AbsDimension x="154" y="16"/>
				</Size>
				<Anchors>
					<Anchor point="LEFT" relativeTo="$parentIcon" relativePoint="RIGHT">
						<Offset>
							<AbsDimension x="0" y="0"/>
						</Offset>
					</Anchor>
				</Anchors>
				<ButtonText name="$parentNormalText" justifyH="LEFT">
					<Size>
						<AbsDimension x="170" y="16"/>
					</Size>
					<Anchors>
						<Anchor point="LEFT">
							<Offset>
								<AbsDimension x="0" y="0"/>
							</Offset>
						</Anchor>
					</Anchors>
				</ButtonText>
				<Scripts>
					<OnLoad>
						self:RegisterForClicks("LeftButtonDown", "RightButtonDown");
					</OnLoad>
					<OnClick>
						Odyssey.Quests.Database:Title_OnClick(self, button)
					</OnClick>
					<OnEnter>
						Odyssey.Quests.Database:Title_OnEnter(self)
					</OnEnter>
					<OnLeave>
						OdyTooltip:Hide();
					</OnLeave>
				</Scripts>
				<NormalFont style="GameFontNormalSmallLeft"/>
			</Button>
			<Button name="$parentStarts">
				<Size>
					<AbsDimension x="150" y="16"/>
				</Size>
				<Anchors>
					<Anchor point="BOTTOMLEFT" relativeTo="$parentSide" relativePoint="BOTTOMRIGHT">
						<Offset>
							<AbsDimension x="5" y="0"/>
						</Offset>
					</Anchor>
				</Anchors>
				<ButtonText name="$parentNormalText" justifyH="CENTER">
					<Size>
						<AbsDimension x="150" y="16"/>
					</Size>
					<Anchors>
						<Anchor point="LEFT">
							<Offset>
								<AbsDimension x="0" y="0"/>
							</Offset>
						</Anchor>
					</Anchors>
				</ButtonText>
				<Scripts>
					<OnLoad>
						self:RegisterForClicks("LeftButtonDown", "RightButtonDown");
					</OnLoad>
					<OnClick>
						Odyssey.Quests.Database:NPC_OnClick(self, button, "questStarter")
					</OnClick>
					<OnEnter>
						Odyssey:ShowNPCTooltip(self, self:GetID())
					</OnEnter>
					<OnLeave>
						OdyTooltip:Hide();
						GameTooltip:Hide();
					</OnLeave>
				</Scripts>
				<NormalFont style="GameFontNormalSmall"/>
			</Button>
			<Button name="$parentEnds">
				<Size>
					<AbsDimension x="150" y="16"/>
				</Size>
				<Anchors>
					<Anchor point="BOTTOMLEFT" relativeTo="$parentStarts" relativePoint="BOTTOMRIGHT">
						<Offset>
							<AbsDimension x="5" y="0"/>
						</Offset>
					</Anchor>
				</Anchors>
				<ButtonText name="$parentNormalText" justifyH="CENTER">
					<Size>
						<AbsDimension x="150" y="16"/>
					</Size>
					<Anchors>
						<Anchor point="LEFT">
							<Offset>
								<AbsDimension x="0" y="0"/>
							</Offset>
						</Anchor>
					</Anchors>
				</ButtonText>
				<Scripts>
					<OnLoad>
						self:RegisterForClicks("LeftButtonDown", "RightButtonDown");
					</OnLoad>
					<OnClick>
						Odyssey.Quests.Database:NPC_OnClick(self, button, "questEnder")
					</OnClick>
					<OnEnter>
						Odyssey:ShowNPCTooltip(self, self:GetID())
					</OnEnter>
					<OnLeave>
						OdyTooltip:Hide();
					</OnLeave>
				</Scripts>
				<NormalFont style="GameFontNormalSmall"/>
			</Button>
		</Frames>
		<Scripts>
			<OnLoad>
				local level = self:GetParent():GetFrameLevel()
				self:SetFrameLevel(level + 1)
			</OnLoad>
		</Scripts>
	</Button>
	
	<Frame name="OdysseyFrameQuestDB" parent="OdysseyTabQuests" hidden="true">
		<Size>
			<AbsDimension x="615" y="306"/>
		</Size>
		<Anchors>
			<Anchor point="TOPRIGHT">
				<Offset>
					<AbsDimension x="39" y="-105"/>
				</Offset>
			</Anchor>
		</Anchors>
		<Layers>
			<Layer level="OVERLAY">
				<FontString name="$parentLevelRange" inherits="GameFontNormalSmall" text="LEVEL_RANGE">
					<Size x="70" y="20" />
					<Anchors>
						<Anchor point="LEFT" relativeTo="OdysseyFrameSearchLabel" relativePoint="RIGHT" >
							<Offset x="33" y="0" />
						</Anchor>
					</Anchors>
					<Color r="255" g="255" b="255" />
				</FontString>
			</Layer>
		</Layers>
		<Frames>
			<Button name="$parentEntry1" inherits="OdyQuestDatabaseEntryTemplate">
				<Anchors>
					<Anchor point="TOPLEFT">
						<Offset>
							<AbsDimension x="3" y="0"/>
						</Offset>
					</Anchor>
				</Anchors>
			</Button>
			<Button name="$parentEntry2" inherits="OdyQuestDatabaseEntryTemplate">
				<Anchors>
					<Anchor point="TOPLEFT" relativeTo="$parentEntry1" relativePoint="BOTTOMLEFT" />
				</Anchors>
			</Button>
			<Button name="$parentEntry3" inherits="OdyQuestDatabaseEntryTemplate">
				<Anchors>
					<Anchor point="TOPLEFT" relativeTo="$parentEntry2" relativePoint="BOTTOMLEFT" />
				</Anchors>
			</Button>
			<Button name="$parentEntry4" inherits="OdyQuestDatabaseEntryTemplate">
				<Anchors>
					<Anchor point="TOPLEFT" relativeTo="$parentEntry3" relativePoint="BOTTOMLEFT" />
				</Anchors>
			</Button>
			<Button name="$parentEntry5" inherits="OdyQuestDatabaseEntryTemplate">
				<Anchors>
					<Anchor point="TOPLEFT" relativeTo="$parentEntry4" relativePoint="BOTTOMLEFT" />
				</Anchors>
			</Button>
			<Button name="$parentEntry6" inherits="OdyQuestDatabaseEntryTemplate">
				<Anchors>
					<Anchor point="TOPLEFT" relativeTo="$parentEntry5" relativePoint="BOTTOMLEFT" />
				</Anchors>
			</Button>
			<Button name="$parentEntry7" inherits="OdyQuestDatabaseEntryTemplate">
				<Anchors>
					<Anchor point="TOPLEFT" relativeTo="$parentEntry6" relativePoint="BOTTOMLEFT" />
				</Anchors>
			</Button>
			<Button name="$parentEntry8" inherits="OdyQuestDatabaseEntryTemplate">
				<Anchors>
					<Anchor point="TOPLEFT" relativeTo="$parentEntry7" relativePoint="BOTTOMLEFT" />
				</Anchors>
			</Button>
			<Button name="$parentEntry9" inherits="OdyQuestDatabaseEntryTemplate">
				<Anchors>
					<Anchor point="TOPLEFT" relativeTo="$parentEntry8" relativePoint="BOTTOMLEFT" />
				</Anchors>
			</Button>
			<Button name="$parentEntry10" inherits="OdyQuestDatabaseEntryTemplate">
				<Anchors>
					<Anchor point="TOPLEFT" relativeTo="$parentEntry9" relativePoint="BOTTOMLEFT" />
				</Anchors>
			</Button>
			<Button name="$parentEntry11" inherits="OdyQuestDatabaseEntryTemplate">
				<Anchors>
					<Anchor point="TOPLEFT" relativeTo="$parentEntry10" relativePoint="BOTTOMLEFT" />
				</Anchors>
			</Button>
			<Button name="$parentEntry12" inherits="OdyQuestDatabaseEntryTemplate">
				<Anchors>
					<Anchor point="TOPLEFT" relativeTo="$parentEntry11" relativePoint="BOTTOMLEFT" />
				</Anchors>
			</Button>
			<Button name="$parentEntry13" inherits="OdyQuestDatabaseEntryTemplate">
				<Anchors>
					<Anchor point="TOPLEFT" relativeTo="$parentEntry12" relativePoint="BOTTOMLEFT" />
				</Anchors>
			</Button>
			<Button name="$parentEntry14" inherits="OdyQuestDatabaseEntryTemplate">
				<Anchors>
					<Anchor point="TOPLEFT" relativeTo="$parentEntry13" relativePoint="BOTTOMLEFT" />
				</Anchors>
			</Button>
			<Button name="$parentEntry15" inherits="OdyQuestDatabaseEntryTemplate">
				<Anchors>
					<Anchor point="TOPLEFT" relativeTo="$parentEntry14" relativePoint="BOTTOMLEFT" />
				</Anchors>
			</Button>
			<Button name="$parentEntry16" inherits="OdyQuestDatabaseEntryTemplate">
				<Anchors>
					<Anchor point="TOPLEFT" relativeTo="$parentEntry15" relativePoint="BOTTOMLEFT" />
				</Anchors>
			</Button>
			<Button name="$parentEntry17" inherits="OdyQuestDatabaseEntryTemplate">
				<Anchors>
					<Anchor point="TOPLEFT" relativeTo="$parentEntry16" relativePoint="BOTTOMLEFT" />
				</Anchors>
			</Button>
			<Button name="$parentEntry18" inherits="OdyQuestDatabaseEntryTemplate">
				<Anchors>
					<Anchor point="TOPLEFT" relativeTo="$parentEntry17" relativePoint="BOTTOMLEFT" />
				</Anchors>
			</Button>

			<EditBox name="$parent_MinLevel" letters="2" numeric="true" autoFocus="false" inherits="InputBoxTemplate">
				<Size x="25" y="16" />
				<Anchors>
					<Anchor point="LEFT" relativeTo="OdysseyFrame_SearchEditBox" relativePoint="RIGHT" >
						<Offset x="10" y="0" />
					</Anchor>
				</Anchors>
				<Scripts>
					<OnEnterPressed>
						self:ClearFocus();
					</OnEnterPressed>
				</Scripts>
			</EditBox>
			<EditBox name="$parent_MaxLevel" letters="2" numeric="true" autoFocus="false" inherits="InputBoxTemplate">
				<Size x="25" y="16" />
				<Anchors>
					<Anchor point="LEFT" relativeTo="$parent_MinLevel" relativePoint="RIGHT" >
						<Offset x="12" y="0" />
					</Anchor>
				</Anchors>
				<Scripts>
					<OnEnterPressed>
						self:ClearFocus();
					</OnEnterPressed>
				</Scripts>
			</EditBox>
			
			<Button name="$parent_ContinentIcon" inherits="OdyQuestDatabaseIconTemplate" id="1">
				<Anchors>
					<Anchor point="LEFT" relativeTo="$parent_MaxLevel" relativePoint="RIGHT" >
						<Offset x="20" y="3" />
					</Anchor>
				</Anchors>
			</Button>
			<Button name="$parent_ZoneIcon" inherits="OdyQuestDatabaseIconTemplate" id="2">
				<Anchors>
					<Anchor point="TOPLEFT" relativeTo="$parent_ContinentIcon" relativePoint="TOPRIGHT" >
						<Offset x="5" y="0" />
					</Anchor>
				</Anchors>
			</Button>
			<Button name="$parent_FactionIcon" inherits="OdyQuestDatabaseIconTemplate" id="3">
				<Anchors>
					<Anchor point="TOPLEFT" relativeTo="$parent_ZoneIcon" relativePoint="TOPRIGHT" >
						<Offset x="5" y="0" />
					</Anchor>
				</Anchors>
			</Button>
			<Button name="$parent_QuestIcon" inherits="OdyQuestDatabaseIconTemplate" id="4">
				<Anchors>
					<Anchor point="TOPLEFT" relativeTo="$parent_FactionIcon" relativePoint="TOPRIGHT" >
						<Offset x="5" y="0" />
					</Anchor>
				</Anchors>
			</Button>
			<Button name="$parent_CharacterIcon" inherits="OdyQuestDatabaseIconTemplate" id="5">
				<Anchors>
					<Anchor point="TOPLEFT" relativeTo="$parent_QuestIcon" relativePoint="TOPRIGHT" >
						<Offset x="5" y="0" />
					</Anchor>
				</Anchors>
			</Button>

			<Button name="$parent_OptionsDataStore" id="7">
				<Size>
					<AbsDimension x="36" y="36"/>
				</Size>
				<Anchors>
					<Anchor point="TOPRIGHT" relativeTo="$parent" relativePoint="TOPRIGHT" >
						<Offset>
							<AbsDimension x="-5" y="62"/>
						</Offset>
					</Anchor>
				</Anchors>
				<Layers>
					<Layer level="BORDER">
						<Texture name="$parentIconTexture" file="Interface\Icons\INV_Misc_Book_11" />
					</Layer>
				</Layers>
				<Scripts>
					<OnEnter>
						Odyssey.Quests.Database:Icon_OnEnter(self)
					</OnEnter>
					<OnClick>
						Odyssey:ToggleUI()
						InterfaceOptionsFrame_OpenToCategory("DataStore")
					</OnClick>
				</Scripts>
			</Button>
			<Button name="$parent_Options" id="6">
				<Size>
					<AbsDimension x="36" y="36"/>
				</Size>
				<Anchors>
					<Anchor point="TOPRIGHT" relativeTo="$parent_OptionsDataStore" relativePoint="TOPLEFT" >
						<Offset>
							<AbsDimension x="-5" y="0"/>
						</Offset>
					</Anchor>
				</Anchors>
				<Layers>
					<Layer level="BORDER">
						<Texture name="$parentIconTexture" file="Interface\Icons\Trade_Engineering" />
					</Layer>
				</Layers>
				<Scripts>
					<OnEnter>
						Odyssey.Quests.Database:Icon_OnEnter(self)
					</OnEnter>
					<OnClick>
						Odyssey:ToggleUI()
						InterfaceOptionsFrame_OpenToCategory("Odyssey")
					</OnClick>
				</Scripts>
			</Button>
			
			<Button name="$parent_GetHistory" inherits="UIPanelButtonTemplate">
				<Size>
					<AbsDimension x="100" y="24"/>
				</Size>
				<Anchors>
					<Anchor point="RIGHT" relativeTo="$parent_Options" relativePoint="LEFT" >
						<Offset>
							<AbsDimension x="-10" y="0"/>
						</Offset>
					</Anchor>
				</Anchors>
				<Scripts>
					<OnClick>
						Odyssey.Quests.Database:GetHistory()
					</OnClick>
				</Scripts>
			</Button>
			<ScrollFrame name="$parentScrollFrame" inherits="FauxScrollFrameTemplate">
				<Anchors>
					<Anchor point="TOPLEFT" />
					<Anchor point="BOTTOMRIGHT" />
				</Anchors>
				<Layers>
					<Layer level="ARTWORK">
						<Texture file="Interface\PaperDollInfoFrame\UI-Character-ScrollBar">
							<Size>
								<AbsDimension x="31" y="256"/>
							</Size>
							<Anchors>
								<Anchor point="TOPLEFT" relativePoint="TOPRIGHT">
									<Offset>
										<AbsDimension x="-2" y="5"/>
									</Offset>
								</Anchor>
							</Anchors>
							<TexCoords left="0" right="0.484375" top="0" bottom="1.0"/>
						</Texture>
						<Texture file="Interface\PaperDollInfoFrame\UI-Character-ScrollBar">
							<Size>
								<AbsDimension x="31" y="106"/>
							</Size>
							<Anchors>
								<Anchor point="BOTTOMLEFT" relativePoint="BOTTOMRIGHT">
									<Offset>
										<AbsDimension x="-2" y="0"/>
									</Offset>
								</Anchor>
							</Anchors>
							<TexCoords left="0.515625" right="1.0" top="0" bottom="0.4140625"/>
						</Texture>
					</Layer>
				</Layers>
				<Scripts>
					<OnVerticalScroll>
						FauxScrollFrame_OnVerticalScroll(self, offset, 18, Odyssey.Quests.Database.Update)
					</OnVerticalScroll>
				</Scripts>
			</ScrollFrame>
			
			<Frame name="$parentRightClickMenu1" inherits="OdyQuestDatabaseRightClickMenuTemplate" id="1" />
			<Frame name="$parentRightClickMenu2" inherits="OdyQuestDatabaseRightClickMenuTemplate" id="2" />
			<Frame name="$parentRightClickMenu3" inherits="OdyQuestDatabaseRightClickMenuTemplate" id="3" />
			<Frame name="$parentRightClickMenu4" inherits="OdyQuestDatabaseRightClickMenuTemplate" id="4" />
			<Frame name="$parentRightClickMenu5" inherits="OdyQuestDatabaseRightClickMenuTemplate" id="5" />
			<Frame name="$parentRightClickMenu6" inherits="OdyQuestDatabaseRightClickMenuTemplate" id="6" />
			<Frame name="$parentRightClickMenu7" inherits="OdyQuestDatabaseRightClickMenuTemplate" id="7" />
		</Frames>
		<Scripts>
			<OnHide>
				DropDownList1:Hide()
			</OnHide>
		</Scripts>
	</Frame>

</Ui>