﻿<Ui xmlns:xsi="http://www.w3.org/2001/XMLSchema-instance" xmlns:xsd="http://www.w3.org/2001/XMLSchema" xmlns="http://www.blizzard.com/wow/ui/">
	<Script file="QuestDetails.lua"></Script>

 	<Button name="OdyQuestItemTemplate" inherits="ItemButtonTemplate" hidden="true" virtual="true">
		<Scripts>
			<OnEnter>
				Odyssey:Item_OnEnter(self)
			</OnEnter>
			<OnLeave>
				GameTooltip:Hide();
			</OnLeave>
			<OnClick>
				Odyssey:Item_OnClick(self, button)
			</OnClick>
		</Scripts>
	</Button>	
	
	<Frame name="OdysseyFrameQuestDetails" parent="OdysseyTabQuests" hidden="true">
		<Size>
			<AbsDimension x="615" y="306"/>
		</Size>
		<Anchors>
			<Anchor point="TOPRIGHT">
				<Offset>
					<AbsDimension x="39" y="-105"/>
				</Offset>
			</Anchor>
		</Anchors>
		<Layers>
			<Layer level="OVERLAY">
				<FontString name="$parentQuestTitle" inherits="DialogButtonNormalText" justifyH="LEFT">
					<Size>
						<AbsDimension x="318" />
					</Size>
					<Anchors>
						<Anchor point="LEFT" relativeTo="OdysseyFrameSearchLabel" relativePoint="RIGHT" >
							<Offset x="110" y="-10" />
						</Anchor>
					</Anchors>
				</FontString>
				<FontString name="$parentQuestInfo" inherits="GameFontNormal" justifyH="LEFT">
					<Size>
						<AbsDimension x="300" y="20"/>
					</Size>
					<Anchors>
						<Anchor point="TOPLEFT" relativeTo="$parentQuestTitle" relativePoint="BOTTOMLEFT" >
							<Offset>
								<AbsDimension x="10" y="-5"/>
							</Offset>
						</Anchor>
					</Anchors>
				</FontString>
				<FontString name="$parentQuestDesc" inherits="GameFontNormal" justifyH="LEFT" justifyV="TOP">
					<Size>
						<AbsDimension x="280" y="280"/>
					</Size>
					<Anchors>
						<Anchor point="TOPLEFT">
							<Offset>
								<AbsDimension x="15" y="-5"/>
							</Offset>
						</Anchor>
					</Anchors>
				</FontString>
				<FontString name="$parentQuestRewards" inherits="GameFontNormal" justifyH="LEFT">
					<Size>
						<AbsDimension x="150" y="20"/>
					</Size>
					<Anchors>
						<Anchor point="TOPLEFT" relativeTo="$parentQuestDesc" relativePoint="TOPRIGHT">
							<Offset>
								<AbsDimension x="10" y="0"/>
							</Offset>
						</Anchor>
					</Anchors>
				</FontString>
				<FontString name="$parentQuestChoices" inherits="GameFontNormal" justifyH="LEFT">
					<Size>
						<AbsDimension x="150" y="20"/>
					</Size>
					<Anchors>
						<Anchor point="TOPLEFT" relativeTo="$parentQuestRewards" relativePoint="BOTTOMLEFT">
							<Offset>
								<AbsDimension x="0" y="-50"/>
							</Offset>
						</Anchor>
					</Anchors>
				</FontString>
				<FontString name="$parentSeriesTitle" inherits="GameFontNormal" justifyH="LEFT">
					<Size>
						<AbsDimension x="220" y="20"/>
					</Size>
					<Anchors>
						<Anchor point="TOPLEFT" relativeTo="$parentQuestChoices" relativePoint="BOTTOMLEFT">
							<Offset>
								<AbsDimension x="0" y="-50"/>
							</Offset>
						</Anchor>
					</Anchors>
				</FontString>
			</Layer>
		</Layers>
		<Frames>
			<Button name="$parentGoBack">
				<Size>
					<AbsDimension x="32" y="32"/>
				</Size>
				<Anchors>
					<Anchor point="LEFT" relativeTo="OdysseyFrameSearchLabel" relativePoint="RIGHT" >
						<Offset x="35" y="-20" />
					</Anchor>
				</Anchors>
				<Scripts>
					<OnLoad>
						self:Disable()
					</OnLoad>
					<OnClick>
						Odyssey.Quests.Details:GoBack()
					</OnClick>
				</Scripts>
				<NormalTexture file="Interface\Buttons\UI-SpellbookIcon-PrevPage-Up"/>
				<PushedTexture file="Interface\Buttons\UI-SpellbookIcon-PrevPage-Down"/>
				<DisabledTexture file="Interface\Buttons\UI-SpellbookIcon-PrevPage-Disabled"/>
				<HighlightTexture file="Interface\Buttons\UI-Common-MouseHilight" alphaMode="ADD"/>
			</Button>
			<Button name="$parentGoForward">
				<Size>
					<AbsDimension x="32" y="32"/>
				</Size>
				<Anchors>
					<Anchor point="LEFT" relativeTo="$parentGoBack" relativePoint="RIGHT">
						<Offset>
							<AbsDimension x="3" y="0"/>
						</Offset>
					</Anchor>
				</Anchors>
				<Scripts>
					<OnLoad>
						self:Disable()
					</OnLoad>
					<OnClick>
						Odyssey.Quests.Details:GoForward()
					</OnClick>
				</Scripts>
				<NormalTexture file="Interface\Buttons\UI-SpellbookIcon-NextPage-Up"/>
				<PushedTexture file="Interface\Buttons\UI-SpellbookIcon-NextPage-Down"/>
				<DisabledTexture file="Interface\Buttons\UI-SpellbookIcon-NextPage-Disabled"/>
				<HighlightTexture file="Interface\Buttons\UI-Common-MouseHilight" alphaMode="ADD"/>
			</Button>
		
			<Button name="$parentStarts">
				<Size>
					<AbsDimension x="170" y="28"/>
				</Size>
				<Anchors>
					<Anchor point="TOPLEFT" relativeTo="$parentQuestTitle" relativePoint="TOPRIGHT" >
						<Offset>
							<AbsDimension x="10" y="7"/>
						</Offset>
					</Anchor>
				</Anchors>
				<ButtonText name="$parentNormalText" justifyH="LEFT">
					<Size>
						<AbsDimension x="170" y="28"/>
					</Size>
					<Anchors>
						<Anchor point="LEFT">
							<Offset>
								<AbsDimension x="0" y="0"/>
							</Offset>
						</Anchor>
					</Anchors>
				</ButtonText>
				<Scripts>
					<OnLoad>
						self:RegisterForClicks("LeftButtonDown", "RightButtonDown");
					</OnLoad>
					<OnClick>
						Odyssey.Quests.Details:NPC_OnClick(self, button, "questStarter")
					</OnClick>
					<OnEnter>
						Odyssey:ShowNPCTooltip(self, self:GetID())
					</OnEnter>
					<OnLeave>
						OdyTooltip:Hide();
						GameTooltip:Hide();
					</OnLeave>
				</Scripts>
				<NormalFont style="GameFontNormalSmallLeft"/>
			</Button>
			<Button name="$parentEnds">
				<Size>
					<AbsDimension x="170" y="28"/>
				</Size>
				<Anchors>
					<Anchor point="TOPLEFT" relativeTo="$parentStarts" relativePoint="BOTTOMLEFT" >
						<Offset>
							<AbsDimension x="0" y="-3"/>
						</Offset>
					</Anchor>
				</Anchors>
				<ButtonText name="$parentNormalText" justifyH="LEFT">
					<Size>
						<AbsDimension x="170" y="28"/>
					</Size>
					<Anchors>
						<Anchor point="LEFT">
							<Offset>
								<AbsDimension x="0" y="0"/>
							</Offset>
						</Anchor>
					</Anchors>
				</ButtonText>
				<Scripts>
					<OnLoad>
						self:RegisterForClicks("LeftButtonDown", "RightButtonDown");
					</OnLoad>
					<OnClick>
						Odyssey.Quests.Details:NPC_OnClick(self, button, "questEnder")					</OnClick>
					<OnEnter>
						Odyssey:ShowNPCTooltip(self, self:GetID())
					</OnEnter>
					<OnLeave>
						OdyTooltip:Hide();
					</OnLeave>
				</Scripts>
				<NormalFont style="GameFontNormalSmallLeft"/>
			</Button>
		
			<!-- Reward icons -->
			<Button name="$parentReward1" inherits="OdyQuestItemTemplate">
				<Anchors>
					<Anchor point="TOPLEFT" relativeTo="$parentQuestRewards" relativePoint="BOTTOMLEFT">
						<Offset>
							<AbsDimension x="0" y="-10"/>
						</Offset>
					</Anchor>
				</Anchors>
			</Button>
			<Button name="$parentReward2" inherits="OdyQuestItemTemplate">
				<Anchors>
					<Anchor point="TOPLEFT" relativeTo="$parentReward1" relativePoint="TOPRIGHT">
						<Offset>
							<AbsDimension x="5" y="0"/>
						</Offset>
					</Anchor>
				</Anchors>
			</Button>
			<Button name="$parentReward3" inherits="OdyQuestItemTemplate">
				<Anchors>
					<Anchor point="TOPLEFT" relativeTo="$parentReward2" relativePoint="TOPRIGHT">
						<Offset>
							<AbsDimension x="5" y="0"/>
						</Offset>
					</Anchor>
				</Anchors>
			</Button>
			<Button name="$parentReward4" inherits="OdyQuestItemTemplate">
				<Anchors>
					<Anchor point="TOPLEFT" relativeTo="$parentReward3" relativePoint="TOPRIGHT">
						<Offset>
							<AbsDimension x="5" y="0"/>
						</Offset>
					</Anchor>
				</Anchors>
			</Button>
			<Button name="$parentReward5" inherits="OdyQuestItemTemplate">
				<Anchors>
					<Anchor point="TOPLEFT" relativeTo="$parentReward4" relativePoint="TOPRIGHT">
						<Offset>
							<AbsDimension x="5" y="0"/>
						</Offset>
					</Anchor>
				</Anchors>
			</Button>
			<Button name="$parentReward6" inherits="OdyQuestItemTemplate">
				<Anchors>
					<Anchor point="TOPLEFT" relativeTo="$parentReward5" relativePoint="TOPRIGHT">
						<Offset>
							<AbsDimension x="5" y="0"/>
						</Offset>
					</Anchor>
				</Anchors>
			</Button>
			<Button name="$parentReward7" inherits="OdyQuestItemTemplate">
				<Anchors>
					<Anchor point="TOPLEFT" relativeTo="$parentReward6" relativePoint="TOPRIGHT">
						<Offset>
							<AbsDimension x="5" y="0"/>
						</Offset>
					</Anchor>
				</Anchors>
			</Button>
			<Button name="$parentReward8" inherits="OdyQuestItemTemplate">
				<Anchors>
					<Anchor point="TOPLEFT" relativeTo="$parentReward7" relativePoint="TOPRIGHT">
						<Offset>
							<AbsDimension x="5" y="0"/>
						</Offset>
					</Anchor>
				</Anchors>
			</Button>

			<!-- Choices icons -->
			<Button name="$parentChoice1" inherits="OdyQuestItemTemplate">
				<Anchors>
					<Anchor point="TOPLEFT" relativeTo="$parentQuestChoices" relativePoint="BOTTOMLEFT">
						<Offset>
							<AbsDimension x="0" y="-10"/>
						</Offset>
					</Anchor>
				</Anchors>
			</Button>
			<Button name="$parentChoice2" inherits="OdyQuestItemTemplate">
				<Anchors>
					<Anchor point="TOPLEFT" relativeTo="$parentChoice1" relativePoint="TOPRIGHT">
						<Offset>
							<AbsDimension x="5" y="0"/>
						</Offset>
					</Anchor>
				</Anchors>
			</Button>
			<Button name="$parentChoice3" inherits="OdyQuestItemTemplate">
				<Anchors>
					<Anchor point="TOPLEFT" relativeTo="$parentChoice2" relativePoint="TOPRIGHT">
						<Offset>
							<AbsDimension x="5" y="0"/>
						</Offset>
					</Anchor>
				</Anchors>
			</Button>
			<Button name="$parentChoice4" inherits="OdyQuestItemTemplate">
				<Anchors>
					<Anchor point="TOPLEFT" relativeTo="$parentChoice3" relativePoint="TOPRIGHT">
						<Offset>
							<AbsDimension x="5" y="0"/>
						</Offset>
					</Anchor>
				</Anchors>
			</Button>
			<Button name="$parentChoice5" inherits="OdyQuestItemTemplate">
				<Anchors>
					<Anchor point="TOPLEFT" relativeTo="$parentChoice4" relativePoint="TOPRIGHT">
						<Offset>
							<AbsDimension x="5" y="0"/>
						</Offset>
					</Anchor>
				</Anchors>
			</Button>
			<Button name="$parentChoice6" inherits="OdyQuestItemTemplate">
				<Anchors>
					<Anchor point="TOPLEFT" relativeTo="$parentChoice5" relativePoint="TOPRIGHT">
						<Offset>
							<AbsDimension x="5" y="0"/>
						</Offset>
					</Anchor>
				</Anchors>
			</Button>
			<Button name="$parentChoice7" inherits="OdyQuestItemTemplate">
				<Anchors>
					<Anchor point="TOPLEFT" relativeTo="$parentChoice6" relativePoint="TOPRIGHT">
						<Offset>
							<AbsDimension x="5" y="0"/>
						</Offset>
					</Anchor>
				</Anchors>
			</Button>
			<Button name="$parentChoice8" inherits="OdyQuestItemTemplate">
				<Anchors>
					<Anchor point="TOPLEFT" relativeTo="$parentChoice7" relativePoint="TOPRIGHT">
						<Offset>
							<AbsDimension x="5" y="0"/>
						</Offset>
					</Anchor>
				</Anchors>
			</Button>

		</Frames>
	</Frame>

	<!-- Quest Series -->
	<Button name="OdyQuestSeriesItemTemplate" hidden="true" virtual="true">
		<Size>
			<AbsDimension x="320" y="20"/>
		</Size>
		<Frames>
			<Button name="$parentName">
				<Size>
					<AbsDimension x="320" y="18"/>
				</Size>
				<Anchors>
					<Anchor point="LEFT">
						<Offset>
							<AbsDimension x="0" y="0"/>
						</Offset>
					</Anchor>
				</Anchors>
				<ButtonText name="$parentNormalText" justifyH="LEFT">
					<Size>
						<AbsDimension x="320" y="18"/>
					</Size>
					<Anchors>
						<Anchor point="LEFT">
							<Offset>
								<AbsDimension x="0" y="0"/>
							</Offset>
						</Anchor>
					</Anchors>
				</ButtonText>
				<Scripts>
					<OnClick>
						Odyssey.Quests.Details:Series_OnClick(self, button)
					</OnClick>
					<OnEnter>
						Odyssey:ShowQuestTooltip(self, self:GetID())
					</OnEnter>
					<OnLeave>
						OdyTooltip:Hide();
					</OnLeave>
				</Scripts>
				<NormalFont style="GameFontNormalSmallLeft"/>
			</Button>
			
		</Frames>
	</Button>

	<!-- Quest Series, intentionally out of OdysseyFrameQuestDetails, for readability reasons -->
	<Frame name="OdysseyFrameQuestDetailsSeries" parent="OdysseyFrameQuestDetails" hidden="true">
		<Size>
			<AbsDimension x="325" y="140"/>
		</Size>
		<Anchors>
			<Anchor point="TOPLEFT" relativeTo="$parentChoice1" relativePoint="BOTTOMLEFT">
				<Offset>
					<AbsDimension x="0" y="-20"/>
				</Offset>
			</Anchor>
			
		</Anchors>
		<Layers>
			<Layer level="BACKGROUND">
				<Texture name="$parentTopLeft" file="Interface\Tooltips\UI-Tooltip-Border">
					<Size>
						<AbsDimension x="16" y="16"/>
					</Size>
					<Anchors>
						<Anchor point="TOPLEFT"/>
					</Anchors>
					<TexCoords left="0.5" right="0.625" top="0" bottom="1"/>
				</Texture>
				<Texture name="$parentBottomLeft" file="Interface\Tooltips\UI-Tooltip-Border">
					<Size>
						<AbsDimension x="16" y="16"/>
					</Size>
					<Anchors>
						<Anchor point="BOTTOMLEFT"/>
					</Anchors>
					<TexCoords left="0.75" right="0.875" top="0" bottom="1"/>
				</Texture>
				<Texture name="$parentBottomRight" file="Interface\Tooltips\UI-Tooltip-Border">
					<Size>
						<AbsDimension x="16" y="16"/>
					</Size>
					<Anchors>
						<Anchor point="BOTTOMRIGHT"/>
					</Anchors>
					<TexCoords left="0.875" right="1" top="0" bottom="1"/>
				</Texture>
				<Texture name="$parentTopRight" file="Interface\Tooltips\UI-Tooltip-Border">
					<Size>
						<AbsDimension x="16" y="16"/>
					</Size>
					<Anchors>
						<Anchor point="TOPRIGHT"/>
					</Anchors>
					<TexCoords left="0.625" right="0.75" top="0" bottom="1"/>
				</Texture>
				<Texture name="$parentLeft" file="Interface\Tooltips\UI-Tooltip-Border">
					<Anchors>
						<Anchor point="TOPLEFT" relativeTo="$parentTopLeft" relativePoint="BOTTOMLEFT"/>
						<Anchor point="BOTTOMRIGHT" relativeTo="$parentBottomLeft" relativePoint="TOPRIGHT"/>
					</Anchors>
					<TexCoords left="0" right="0.125" top="0" bottom="1"/>
				</Texture>
				<Texture name="$parentRight" file="Interface\Tooltips\UI-Tooltip-Border">
					<Anchors>
						<Anchor point="TOPLEFT" relativeTo="$parentTopRight" relativePoint="BOTTOMLEFT"/>
						<Anchor point="BOTTOMRIGHT" relativeTo="$parentBottomRight" relativePoint="TOPRIGHT"/>
					</Anchors>
					<TexCoords left="0.125" right="0.25" top="0" bottom="1"/>
				</Texture>
				<Texture name="$parentBottom" file="Interface\OptionsFrame\UI-OptionsFrame-Spacer">
					<Size>
						<AbsDimension x="0" y="16"/>
					</Size>
					<Anchors>
						<Anchor point="BOTTOMLEFT" relativeTo="$parentBottomLeft" relativePoint="BOTTOMRIGHT">
							<Offset>
								<AbsDimension x="0" y="-2"/>
							</Offset>
						</Anchor>
						<Anchor point="BOTTOMRIGHT" relativeTo="$parentBottomRight" relativePoint="BOTTOMLEFT"/>
					</Anchors>
				</Texture>
				<Texture name="$parentTop" file="Interface\OptionsFrame\UI-OptionsFrame-Spacer">
					<Size>
						<AbsDimension x="0" y="16"/>
					</Size>
					<Anchors>
						<Anchor point="TOPLEFT" relativeTo="$parentTopLeft" relativePoint="TOPRIGHT">
							<Offset>
								<AbsDimension x="0" y="7"/>
							</Offset>
						</Anchor>
						<Anchor point="TOPRIGHT" relativeTo="$parentTopRight" relativePoint="TOPLEFT"/>
					</Anchors>
				</Texture>
			</Layer>
		</Layers>
		<Frames>
			<ScrollFrame name="$parentScrollFrame" inherits="FauxScrollFrameTemplate">
				<Anchors>
					<Anchor point="TOPLEFT" relativeTo="$parentTopLeft" relativePoint="BOTTOMRIGHT">
						<Offset>
							<AbsDimension x="0" y="10"/>
						</Offset>
					</Anchor>
					<Anchor point="BOTTOMRIGHT" relativeTo="$parentBottomRight" relativePoint="TOPLEFT">
						<Offset>
							<AbsDimension x="-12" y="-10"/>
						</Offset>
					</Anchor>
				</Anchors>
				<Scripts>
					<OnVerticalScroll>
						FauxScrollFrame_OnVerticalScroll(self, offset, 18, Odyssey.Quests.Details.UpdateSeries)
					</OnVerticalScroll>
				</Scripts>
			</ScrollFrame>
			
			<Button name="$parentEntry1" inherits="OdyQuestSeriesItemTemplate">
				<Anchors>
					<Anchor point="TOPLEFT" relativeTo="$parentScrollFrame" relativePoint="TOPLEFT">
						<Offset>
							<AbsDimension x="0" y="-3"/>
						</Offset>
					</Anchor>
				</Anchors>
			</Button>
			<Button name="$parentEntry2" inherits="OdyQuestSeriesItemTemplate">
				<Anchors>
					<Anchor point="TOPLEFT" relativeTo="$parentEntry1" relativePoint="BOTTOMLEFT" />
				</Anchors>
			</Button>
			<Button name="$parentEntry3" inherits="OdyQuestSeriesItemTemplate">
				<Anchors>
					<Anchor point="TOPLEFT" relativeTo="$parentEntry2" relativePoint="BOTTOMLEFT" />
				</Anchors>
			</Button>
			<Button name="$parentEntry4" inherits="OdyQuestSeriesItemTemplate">
				<Anchors>
					<Anchor point="TOPLEFT" relativeTo="$parentEntry3" relativePoint="BOTTOMLEFT" />
				</Anchors>
			</Button>
			<Button name="$parentEntry5" inherits="OdyQuestSeriesItemTemplate">
				<Anchors>
					<Anchor point="TOPLEFT" relativeTo="$parentEntry4" relativePoint="BOTTOMLEFT" />
				</Anchors>
			</Button>
			<Button name="$parentEntry6" inherits="OdyQuestSeriesItemTemplate">
				<Anchors>
					<Anchor point="TOPLEFT" relativeTo="$parentEntry5" relativePoint="BOTTOMLEFT" />
				</Anchors>
			</Button>
		</Frames>
	</Frame>
	
</Ui>