﻿<Ui xmlns:xsi="http://www.w3.org/2001/XMLSchema-instance" xmlns:xsd="http://www.w3.org/2001/XMLSchema" xmlns="http://www.blizzard.com/wow/ui/">
	<Script file="RealmSummary.lua"></Script>

	<Button name="OdyClassIconTemplate" inherits="ItemButtonTemplate" hidden="true" virtual="true">
		<Scripts>
			<OnEnter>
				-- Odyssey.Quests.Database:Icon_OnEnter(self)
			</OnEnter>
			<OnLeave>
				-- Odyssey.Quests.Database:Icon_OnLeave(self)
			</OnLeave>
		</Scripts>
	</Button>
	
	<Button name="OdyRealmSummaryItemTemplate" hidden="true" virtual="true">
		<Size>
			<AbsDimension x="37" y="37"/>
		</Size>
		<Layers> 
			<Layer level="BACKGROUND"> 
				<Texture name="$parent_Background">
					<Size>
						<AbsDimension x="33" y="33"/>
					</Size>
					<Anchors>
						<Anchor point="LEFT">
							<Offset>
								<AbsDimension x="2" y="0"/>
							</Offset>
						</Anchor>
					</Anchors>
					<Color r="0.2" g="0.2" b="0.2" a="1" /> 
				</Texture> 
			</Layer>
			<Layer level="OVERLAY"> 
				<FontString name="$parentName" inherits="GameFontNormalSmall" justifyH="CENTER" >
					<Size>
						<AbsDimension x="26" y="18"/>
					</Size>
					<Anchors>
						<Anchor point="BOTTOMRIGHT">
							<Offset>
								<AbsDimension x="5" y="0"/>
							</Offset>
						</Anchor>
					</Anchors>
					<Color r="1" g="1" b="1" /> 
				</FontString>
			</Layer>
		</Layers>
		<Scripts>
			<OnLoad>
				local level = self:GetParent():GetFrameLevel()
				self:SetFrameLevel(level + 1)
			</OnLoad>
			<OnEnter>
				Odyssey.Quests.RealmSummary:OnEnter(self)
			</OnEnter>
			<OnClick>
				Odyssey.Quests.RealmSummary:OnClick(self, button)
			</OnClick>
			<OnLeave>
				OdyTooltip:Hide();
			</OnLeave>
		</Scripts>
		<Backdrop name="$parentBackdrop" bgFile="Interface\TutorialFrame\TutorialFrameBackground" edgeFile="Interface\Tooltips\UI-Tooltip-Border" tile="true">
			<EdgeSize>
				<AbsValue val="8"/>
			</EdgeSize>
			<TileSize>
				<AbsValue val="36"/>
			</TileSize>
			<BackgroundInsets>
				<AbsInset left="5" right="5" top="5" bottom="5"/>
			</BackgroundInsets>
			<Color r="1" g="1" b="1" a="0"/>
		</Backdrop>
	</Button>
		
	<Button name="OdyRealmSummaryEntryTemplate" virtual="true">
		<Size>
			<AbsDimension x="615" y="38"/>
		</Size>
		<Layers>
			<Layer level="BACKGROUND">
				<FontString name="$parentName" inherits="GameFontNormal" justifyH="LEFT" justifyV="MIDDLE">
					<Size>
						<AbsDimension x="160" y="37"/>
					</Size>
					<Anchors>
						<Anchor point="TOPLEFT">
							<Offset>
								<AbsDimension x="10" y="0"/>
							</Offset>
						</Anchor>
					</Anchors>
				</FontString>
			</Layer>
		</Layers>
		<Frames>
			<Button name="$parentItem1" inherits="OdyRealmSummaryItemTemplate">
				<Anchors>
					<Anchor point="BOTTOMLEFT" relativeTo="$parent" relativePoint="BOTTOMLEFT">
						<Offset>
							<AbsDimension x="185" y="0"/>
						</Offset>
					</Anchor>
				</Anchors>
			</Button>
			<Button name="$parentItem2" inherits="OdyRealmSummaryItemTemplate">
				<Anchors>
					<Anchor point="BOTTOMLEFT" relativeTo="$parentItem1" relativePoint="BOTTOMRIGHT">
						<Offset>
							<AbsDimension x="5" y="0"/>
						</Offset>
					</Anchor>
				</Anchors>
			</Button>
			<Button name="$parentItem3" inherits="OdyRealmSummaryItemTemplate">
				<Anchors>
					<Anchor point="BOTTOMLEFT" relativeTo="$parentItem2" relativePoint="BOTTOMRIGHT">
						<Offset>
							<AbsDimension x="5" y="0"/>
						</Offset>
					</Anchor>
				</Anchors>
			</Button>
			<Button name="$parentItem4" inherits="OdyRealmSummaryItemTemplate">
				<Anchors>
					<Anchor point="BOTTOMLEFT" relativeTo="$parentItem3" relativePoint="BOTTOMRIGHT">
						<Offset>
							<AbsDimension x="5" y="0"/>
						</Offset>
					</Anchor>
				</Anchors>
			</Button>
			<Button name="$parentItem5" inherits="OdyRealmSummaryItemTemplate">
				<Anchors>
					<Anchor point="BOTTOMLEFT" relativeTo="$parentItem4" relativePoint="BOTTOMRIGHT">
						<Offset>
							<AbsDimension x="5" y="0"/>
						</Offset>
					</Anchor>
				</Anchors>
			</Button>
			<Button name="$parentItem6" inherits="OdyRealmSummaryItemTemplate">
				<Anchors>
					<Anchor point="BOTTOMLEFT" relativeTo="$parentItem5" relativePoint="BOTTOMRIGHT">
						<Offset>
							<AbsDimension x="5" y="0"/>
						</Offset>
					</Anchor>
				</Anchors>
			</Button>
			<Button name="$parentItem7" inherits="OdyRealmSummaryItemTemplate">
				<Anchors>
					<Anchor point="BOTTOMLEFT" relativeTo="$parentItem6" relativePoint="BOTTOMRIGHT">
						<Offset>
							<AbsDimension x="5" y="0"/>
						</Offset>
					</Anchor>
				</Anchors>
			</Button>
			<Button name="$parentItem8" inherits="OdyRealmSummaryItemTemplate">
				<Anchors>
					<Anchor point="BOTTOMLEFT" relativeTo="$parentItem7" relativePoint="BOTTOMRIGHT">
						<Offset>
							<AbsDimension x="5" y="0"/>
						</Offset>
					</Anchor>
				</Anchors>
			</Button>
			<Button name="$parentItem9" inherits="OdyRealmSummaryItemTemplate">
				<Anchors>
					<Anchor point="BOTTOMLEFT" relativeTo="$parentItem8" relativePoint="BOTTOMRIGHT">
						<Offset>
							<AbsDimension x="5" y="0"/>
						</Offset>
					</Anchor>
				</Anchors>
			</Button>
			<Button name="$parentItem10" inherits="OdyRealmSummaryItemTemplate">
				<Anchors>
					<Anchor point="BOTTOMLEFT" relativeTo="$parentItem9" relativePoint="BOTTOMRIGHT">
						<Offset>
							<AbsDimension x="5" y="0"/>
						</Offset>
					</Anchor>
				</Anchors>
			</Button>
		</Frames>
	</Button>
	
	<Frame name="OdysseyFrameRealmSummary" parent="OdysseyTabQuests" hidden="true">
		<Size>
			<AbsDimension x="615" y="306"/>
		</Size>
		<Anchors>
			<Anchor point="TOPRIGHT">
				<Offset>
					<AbsDimension x="39" y="-105"/>
				</Offset>
			</Anchor>
		</Anchors>
		<Layers>
			<Layer level="OVERLAY">
				<FontString name="$parentText1" inherits="GameFontNormalSmall" justifyH="LEFT">
					<Size>
						<AbsDimension x="60" y="18"/>
					</Size>
					<Anchors>
						<Anchor point="LEFT" relativeTo="OdysseyFrameSearchLabel" relativePoint="RIGHT" >
							<Offset x="60" y="-5" />
						</Anchor>
					</Anchors>
					<Color r="255" g="255" b="255" />
				</FontString>
			</Layer>
		</Layers>
		<Frames>
			<Frame name="$parent_SelectContinent" inherits="UIDropDownMenuTemplate">
				<Anchors>
					<Anchor point="TOPLEFT" relativeTo="$parentText1" relativePoint="BOTTOMLEFT">
						<Offset>
							<AbsDimension x="-25" y="-2"/>
						</Offset>
					</Anchor>
				</Anchors>
				<Scripts>
					<OnLoad>
						UIDropDownMenu_SetWidth(self, 100) 
						UIDropDownMenu_SetButtonWidth(self, 20)
						UIDropDownMenu_SetText(self, Odyssey:GetContinentName(1))
						UIDropDownMenu_Initialize(self, Odyssey.Quests.RealmSummary.DropDownContinent_Initialize)
					</OnLoad>
				</Scripts>
			</Frame>
			
			<Frame name="$parentClasses">
				<Size>
					<AbsDimension x="615" y="41"/>
				</Size>
				<Anchors>
					<Anchor point="TOPRIGHT" relativeTo="OdysseyFrame" relativePoint="TOPRIGHT" >
						<Offset>
							<AbsDimension x="-32" y="-55"/>
						</Offset>
					</Anchor>
				</Anchors>
				<Frames>
					<Button name="$parentItem1" inherits="OdyClassIconTemplate" />
					<Button name="$parentItem2" inherits="OdyClassIconTemplate" />
					<Button name="$parentItem3" inherits="OdyClassIconTemplate" />
					<Button name="$parentItem4" inherits="OdyClassIconTemplate" />
					<Button name="$parentItem5" inherits="OdyClassIconTemplate" />
					<Button name="$parentItem6" inherits="OdyClassIconTemplate" />
					<Button name="$parentItem7" inherits="OdyClassIconTemplate" />
					<Button name="$parentItem8" inherits="OdyClassIconTemplate" />
					<Button name="$parentItem9" inherits="OdyClassIconTemplate" />
					<Button name="$parentItem10" inherits="OdyClassIconTemplate" />
				</Frames>
			</Frame>
		
			<ScrollFrame name="$parentScrollFrame" inherits="FauxScrollFrameTemplate">
				<Anchors>
					<Anchor point="TOPLEFT" />
					<Anchor point="BOTTOMRIGHT" />
				</Anchors>
				<Layers>
					<Layer level="ARTWORK">
						<Texture file="Interface\PaperDollInfoFrame\UI-Character-ScrollBar">
							<Size>
								<AbsDimension x="31" y="256"/>
							</Size>
							<Anchors>
								<Anchor point="TOPLEFT" relativePoint="TOPRIGHT">
									<Offset>
										<AbsDimension x="-2" y="5"/>
									</Offset>
								</Anchor>
							</Anchors>
							<TexCoords left="0" right="0.484375" top="0" bottom="1.0"/>
						</Texture>
						<Texture file="Interface\PaperDollInfoFrame\UI-Character-ScrollBar">
							<Size>
								<AbsDimension x="31" y="106"/>
							</Size>
							<Anchors>
								<Anchor point="BOTTOMLEFT" relativePoint="BOTTOMRIGHT">
									<Offset>
										<AbsDimension x="-2" y="0"/>
									</Offset>
								</Anchor>
							</Anchors>
							<TexCoords left="0.515625" right="1.0" top="0" bottom="0.4140625"/>
						</Texture>
					</Layer>
				</Layers>
				<Scripts>
					<OnVerticalScroll>
						FauxScrollFrame_OnVerticalScroll(self, offset, 41, Odyssey.Quests.RealmSummary.Update)
					</OnVerticalScroll>
				</Scripts>
			</ScrollFrame>
			
			<Button name="$parentEntry1" inherits="OdyRealmSummaryEntryTemplate">
				<Anchors>
					<Anchor point="TOPLEFT" relativeTo="$parentScrollFrame" relativePoint="TOPLEFT">
						<Offset>
							<AbsDimension x="3" y="3"/>
						</Offset>
					</Anchor>
				</Anchors>
			</Button>
			<Button name="$parentEntry2" inherits="OdyRealmSummaryEntryTemplate">
				<Anchors>
					<Anchor point="TOPLEFT" relativeTo="$parentEntry1" relativePoint="BOTTOMLEFT" />
				</Anchors>
			</Button>
			<Button name="$parentEntry3" inherits="OdyRealmSummaryEntryTemplate">
				<Anchors>
					<Anchor point="TOPLEFT" relativeTo="$parentEntry2" relativePoint="BOTTOMLEFT" />
				</Anchors>
			</Button>
			<Button name="$parentEntry4" inherits="OdyRealmSummaryEntryTemplate">
				<Anchors>
					<Anchor point="TOPLEFT" relativeTo="$parentEntry3" relativePoint="BOTTOMLEFT" />
				</Anchors>
			</Button>
			<Button name="$parentEntry5" inherits="OdyRealmSummaryEntryTemplate">
				<Anchors>
					<Anchor point="TOPLEFT" relativeTo="$parentEntry4" relativePoint="BOTTOMLEFT" />
				</Anchors>
			</Button>
			<Button name="$parentEntry6" inherits="OdyRealmSummaryEntryTemplate">
				<Anchors>
					<Anchor point="TOPLEFT" relativeTo="$parentEntry5" relativePoint="BOTTOMLEFT" />
				</Anchors>
			</Button>
			<Button name="$parentEntry7" inherits="OdyRealmSummaryEntryTemplate">
				<Anchors>
					<Anchor point="TOPLEFT" relativeTo="$parentEntry6" relativePoint="BOTTOMLEFT" />
				</Anchors>
			</Button>
			<Button name="$parentEntry8" inherits="OdyRealmSummaryEntryTemplate">
				<Anchors>
					<Anchor point="TOPLEFT" relativeTo="$parentEntry7" relativePoint="BOTTOMLEFT" />
				</Anchors>
			</Button>
		</Frames>
	</Frame>

</Ui>