﻿<Ui xmlns:xsi="http://www.w3.org/2001/XMLSchema-instance" xmlns:xsd="http://www.w3.org/2001/XMLSchema" xmlns="http://www.blizzard.com/wow/ui/">
	<Script file="TabMaps.lua"></Script>
	
	<Button name="OdyMapsMenuItemTemplate" inherits="OdyMenuItemTemplate" virtual="true">
		<Size>
			<AbsDimension x="156" y="20"/>
		</Size>
		<Scripts>
			<OnClick>
				Odyssey.Tabs.Maps:OnClick(self)
			</OnClick>
		</Scripts>
	</Button>
	
 	<Button name="OdyMapsIconTemplate" inherits="OdyMenuIconTemplate" virtual="true">
		<Scripts>
			<OnLoad>
				self:RegisterForClicks("LeftButtonDown", "RightButtonDown");
			</OnLoad>
			<OnEnter>
				Odyssey.Tabs.Maps:Icon_OnEnter(self)
			</OnEnter>
			<OnLeave>
				Odyssey.Tabs.Maps:Icon_OnLeave(self)
			</OnLeave>
			<OnClick>
				Odyssey.Tabs.Maps:Icon_OnClick(self, button)
			</OnClick>
		</Scripts>
	</Button>
	
	<Frame name="OdyMapsRightClickMenuTemplate" inherits="UIDropDownMenuTemplate" hidden="true" virtual="true">
		<Size>
			<AbsDimension x="100" y="40"/>
		</Size>
	</Frame>
	
	<Frame name="OdysseyTabMaps" parent="OdysseyFrame" hidden="true">
		<Size>
			<AbsDimension x="758" y="447"/>
		</Size>
		<Anchors>
			<Anchor point="TOPLEFT"/>
		</Anchors>
		<Layers>
			<Layer level="OVERLAY">
				<FontString name="$parentStatus" inherits="GameFontNormal" justifyH="LEFT">
					<Size x="320" y="24" />
					<Anchors>
						<Anchor point="BOTTOMRIGHT">
							<Offset x="-250" y="13" />
						</Anchor>
					</Anchors>
					<Color r="255" g="255" b="255" />
				</FontString>
			</Layer>
		</Layers>
		<Frames>
			<Button name="$parentMenuItem1" inherits="OdyMapsMenuItemTemplate" id="1">
				<Anchors>
					<Anchor point="TOPLEFT">
						<Offset>
							<AbsDimension x="23" y="-105"/>
						</Offset>
					</Anchor>
				</Anchors>
			</Button>
			<Button name="$parentMenuItem2" inherits="OdyMapsMenuItemTemplate" id="2">
				<Anchors>
					<Anchor point="TOPLEFT" relativeTo="$parentMenuItem1" relativePoint="BOTTOMLEFT">
						<Offset>
							<AbsDimension x="0" y="0"/>
						</Offset>
					</Anchor>
				</Anchors>
			</Button>
			<Button name="$parentMenuItem3" inherits="OdyMapsMenuItemTemplate" id="3">
				<Anchors>
					<Anchor point="TOPLEFT" relativeTo="$parentMenuItem2" relativePoint="BOTTOMLEFT">
						<Offset>
							<AbsDimension x="0" y="0"/>
						</Offset>
					</Anchor>
				</Anchors>
			</Button>
			<Button name="$parentMenuItem4" inherits="OdyMapsMenuItemTemplate" id="4">
				<Anchors>
					<Anchor point="TOPLEFT" relativeTo="$parentMenuItem3" relativePoint="BOTTOMLEFT">
						<Offset>
							<AbsDimension x="0" y="0"/>
						</Offset>
					</Anchor>
				</Anchors>
			</Button>
			<Button name="$parentMenuItem5" inherits="OdyMapsMenuItemTemplate" id="5">
				<Anchors>
					<Anchor point="TOPLEFT" relativeTo="$parentMenuItem4" relativePoint="BOTTOMLEFT">
						<Offset>
							<AbsDimension x="0" y="0"/>
						</Offset>
					</Anchor>
				</Anchors>
			</Button>
			<Button name="$parentMenuItem6" inherits="OdyMapsMenuItemTemplate" id="6">
				<Anchors>
					<Anchor point="TOPLEFT" relativeTo="$parentMenuItem5" relativePoint="BOTTOMLEFT">
						<Offset>
							<AbsDimension x="0" y="0"/>
						</Offset>
					</Anchor>
				</Anchors>
			</Button>
			<Button name="$parentMenuItem7" inherits="OdyMapsMenuItemTemplate" id="7">
				<Anchors>
					<Anchor point="TOPLEFT" relativeTo="$parentMenuItem6" relativePoint="BOTTOMLEFT">
						<Offset>
							<AbsDimension x="0" y="0"/>
						</Offset>
					</Anchor>
				</Anchors>
			</Button>
			<Button name="$parentMenuItem8" inherits="OdyMapsMenuItemTemplate" id="8">
				<Anchors>
					<Anchor point="TOPLEFT" relativeTo="$parentMenuItem7" relativePoint="BOTTOMLEFT">
						<Offset>
							<AbsDimension x="0" y="0"/>
						</Offset>
					</Anchor>
				</Anchors>
			</Button>
			<Button name="$parentMenuItem9" inherits="OdyMapsMenuItemTemplate" id="9">
				<Anchors>
					<Anchor point="TOPLEFT" relativeTo="$parentMenuItem8" relativePoint="BOTTOMLEFT">
						<Offset>
							<AbsDimension x="0" y="0"/>
						</Offset>
					</Anchor>
				</Anchors>
			</Button>
			<Button name="$parentMenuItem10" inherits="OdyMapsMenuItemTemplate" id="10">
				<Anchors>
					<Anchor point="TOPLEFT" relativeTo="$parentMenuItem9" relativePoint="BOTTOMLEFT">
						<Offset>
							<AbsDimension x="0" y="0"/>
						</Offset>
					</Anchor>
				</Anchors>
			</Button>
			<Button name="$parentMenuItem11" inherits="OdyMapsMenuItemTemplate" id="11">
				<Anchors>
					<Anchor point="TOPLEFT" relativeTo="$parentMenuItem10" relativePoint="BOTTOMLEFT">
						<Offset>
							<AbsDimension x="0" y="0"/>
						</Offset>
					</Anchor>
				</Anchors>
			</Button>
			<Button name="$parentMenuItem12" inherits="OdyMapsMenuItemTemplate" id="12">
				<Anchors>
					<Anchor point="TOPLEFT" relativeTo="$parentMenuItem11" relativePoint="BOTTOMLEFT">
						<Offset>
							<AbsDimension x="0" y="0"/>
						</Offset>
					</Anchor>
				</Anchors>
			</Button>
			<Button name="$parentMenuItem13" inherits="OdyMapsMenuItemTemplate" id="13">
				<Anchors>
					<Anchor point="TOPLEFT" relativeTo="$parentMenuItem12" relativePoint="BOTTOMLEFT">
						<Offset>
							<AbsDimension x="0" y="0"/>
						</Offset>
					</Anchor>
				</Anchors>
			</Button>
			<Button name="$parentMenuItem14" inherits="OdyMapsMenuItemTemplate" id="14">
				<Anchors>
					<Anchor point="TOPLEFT" relativeTo="$parentMenuItem13" relativePoint="BOTTOMLEFT">
						<Offset>
							<AbsDimension x="0" y="0"/>
						</Offset>
					</Anchor>
				</Anchors>
			</Button>
			<Button name="$parentMenuItem15" inherits="OdyMapsMenuItemTemplate" id="15">
				<Anchors>
					<Anchor point="TOPLEFT" relativeTo="$parentMenuItem14" relativePoint="BOTTOMLEFT">
						<Offset>
							<AbsDimension x="0" y="0"/>
						</Offset>
					</Anchor>
				</Anchors>
			</Button>
			
			<ScrollFrame name="OdysseyMapsMenuScrollFrame" inherits="FauxScrollFrameTemplate">
				<Size>
					<AbsDimension x="160" y="305"/>
				</Size>
				<Anchors>
					<Anchor point="TOPRIGHT" relativePoint="TOPLEFT">
						<Offset>
							<AbsDimension x="158" y="-105"/>
						</Offset>
					</Anchor>
				</Anchors>
				<Layers>
					<Layer level="ARTWORK">
						<Texture file="Interface\PaperDollInfoFrame\UI-Character-ScrollBar">
							<Size>
								<AbsDimension x="31" y="256"/>
							</Size>
							<Anchors>
								<Anchor point="TOPLEFT" relativePoint="TOPRIGHT">
									<Offset>
										<AbsDimension x="-2" y="5"/>
									</Offset>
								</Anchor>
							</Anchors>
							<TexCoords left="0" right="0.484375" top="0" bottom="1.0"/>
						</Texture>
						<Texture file="Interface\PaperDollInfoFrame\UI-Character-ScrollBar">
							<Size>
								<AbsDimension x="31" y="106"/>
							</Size>
							<Anchors>
								<Anchor point="BOTTOMLEFT" relativePoint="BOTTOMRIGHT">
									<Offset>
										<AbsDimension x="-2" y="-2"/>
									</Offset>
								</Anchor>
							</Anchors>
							<TexCoords left="0.515625" right="1.0" top="0" bottom="0.4140625"/>
						</Texture>
					</Layer>
				</Layers>
				<Scripts>
					<OnVerticalScroll>
						FauxScrollFrame_OnVerticalScroll(self, offset, 20, function(self)
							Odyssey.Tabs.Maps:Update()
						end)
					</OnVerticalScroll>
				</Scripts>
			</ScrollFrame>
			
			<Button name="$parent_QuestGiversIcon" inherits="OdyMapsIconTemplate" id="1">
				<Anchors>
					<Anchor point="LEFT" relativeTo="OdysseyFrameSearchLabel" relativePoint="RIGHT" >
						<Offset x="60" y="-23" />
					</Anchor>
				</Anchors>
			</Button>
			<Button name="$parent_FlightMastersIcon" inherits="OdyMapsIconTemplate" id="2">
				<Anchors>
					<Anchor point="TOPLEFT" relativeTo="$parent_QuestGiversIcon" relativePoint="TOPRIGHT" >
						<Offset x="5" y="0" />
					</Anchor>
				</Anchors>
			</Button>
			<Button name="$parent_InnkeepersIcon" inherits="OdyMapsIconTemplate" id="3">
				<Anchors>
					<Anchor point="TOPLEFT" relativeTo="$parent_FlightMastersIcon" relativePoint="TOPRIGHT" >
						<Offset x="5" y="0" />
					</Anchor>
				</Anchors>
			</Button>
			<Button name="$parent_MailboxesIcon" inherits="OdyMapsIconTemplate" id="4">
				<Anchors>
					<Anchor point="TOPLEFT" relativeTo="$parent_InnkeepersIcon" relativePoint="TOPRIGHT" >
						<Offset x="5" y="0" />
					</Anchor>
				</Anchors>
			</Button>
			<Button name="$parent_ClassesIcon" inherits="OdyMapsIconTemplate" id="5">
				<Anchors>
					<Anchor point="TOPLEFT" relativeTo="$parent_MailboxesIcon" relativePoint="TOPRIGHT" >
						<Offset x="5" y="0" />
					</Anchor>
				</Anchors>
			</Button>
			<Button name="$parent_ProfessionsIcon" inherits="OdyMapsIconTemplate" id="6">
				<Anchors>
					<Anchor point="TOPLEFT" relativeTo="$parent_ClassesIcon" relativePoint="TOPRIGHT" >
						<Offset x="5" y="0" />
					</Anchor>
				</Anchors>
			</Button>
			<Button name="$parent_UtilityIcon" inherits="OdyMapsIconTemplate" id="7">
				<Anchors>
					<Anchor point="TOPLEFT" relativeTo="$parent_ProfessionsIcon" relativePoint="TOPRIGHT" >
						<Offset x="5" y="0" />
					</Anchor>
				</Anchors>
			</Button>
			<Button name="$parent_BattleMastersIcon" inherits="OdyMapsIconTemplate" id="8">
				<Anchors>
					<Anchor point="TOPLEFT" relativeTo="$parent_UtilityIcon" relativePoint="TOPRIGHT" >
						<Offset x="5" y="0" />
					</Anchor>
				</Anchors>
			</Button>
			<Button name="$parent_SearchIcon" inherits="OdyMapsIconTemplate" id="9">
				<Anchors>
					<Anchor point="TOPLEFT" relativeTo="$parent_BattleMastersIcon" relativePoint="TOPRIGHT" >
						<Offset x="5" y="0" />
					</Anchor>
				</Anchors>
			</Button>

			<Frame name="$parentRightClickMenu1" inherits="OdyMapsRightClickMenuTemplate" id="1" />
			<Frame name="$parentRightClickMenu2" inherits="OdyMapsRightClickMenuTemplate" id="2" />
			<Frame name="$parentRightClickMenu3" inherits="OdyMapsRightClickMenuTemplate" id="3" />
			<Frame name="$parentRightClickMenu4" inherits="OdyMapsRightClickMenuTemplate" id="4" />
		</Frames>
		<Scripts>
			<OnShow>
				Odyssey.Tabs.Maps:Update()
			</OnShow>
			<OnHide>
				DropDownList1:Hide()
			</OnHide>
		</Scripts>
	</Frame>

</Ui>