﻿<Ui xmlns:xsi="http://www.w3.org/2001/XMLSchema-instance" xmlns:xsd="http://www.w3.org/2001/XMLSchema" xmlns="http://www.blizzard.com/wow/ui/">
	<Script file="TabQuests.lua"></Script>
	
	<Button name="OdyQuestMenuItemTemplate" inherits="OdyMenuItemTemplate" hidden="false" virtual="true">
		<Size>
			<AbsDimension x="156" y="20"/>
		</Size>
		<Scripts>
			<OnClick>
				Odyssey.Tabs.Quests:MenuItem_OnClick(self:GetID())
			</OnClick>
		</Scripts>
	</Button>
	
	<Frame name="OdysseyTabQuests" parent="OdysseyFrame">
		<Size>
			<AbsDimension x="758" y="447"/>
		</Size>
		<Anchors>
			<Anchor point="TOPLEFT"/>
		</Anchors>
		<Layers>
			<Layer level="OVERLAY">
				<FontString name="$parentStatus" inherits="GameFontNormal" justifyH="LEFT">
					<Size x="380" y="24" />
					<Anchors>
						<Anchor point="BOTTOMRIGHT">
							<Offset x="-190" y="13" />
						</Anchor>
					</Anchors>
					<Color r="255" g="255" b="255" />
				</FontString>
			</Layer>
		</Layers>
		<Frames>
			<Button name="$parentMenuItem1" inherits="OdyQuestMenuItemTemplate" id="1">
				<Anchors>
					<Anchor point="TOPLEFT">
						<Offset>
							<AbsDimension x="23" y="-105"/>
						</Offset>
					</Anchor>
				</Anchors>
			</Button>
			<Button name="$parentMenuItem2" inherits="OdyQuestMenuItemTemplate" id="2">
				<Anchors>
					<Anchor point="TOPLEFT" relativeTo="$parentMenuItem1" relativePoint="BOTTOMLEFT">
						<Offset>
							<AbsDimension x="0" y="0"/>
						</Offset>
					</Anchor>
				</Anchors>
			</Button>
			<Button name="$parentMenuItem3" inherits="OdyQuestMenuItemTemplate" id="3">
				<Anchors>
					<Anchor point="TOPLEFT" relativeTo="$parentMenuItem2" relativePoint="BOTTOMLEFT">
						<Offset>
							<AbsDimension x="0" y="0"/>
						</Offset>
					</Anchor>
				</Anchors>
			</Button>
			
			<Button name="$parent_Sort1" inherits="OdySortButtonTemplate" id="1">
				<Size>
					<AbsDimension x="130" y="19"/>
				</Size>
				<Anchors>
					<Anchor point="TOPLEFT" relativeTo="OdysseyFrame_SearchEditBox" relativePoint="BOTTOMRIGHT">
						<Offset>
							<AbsDimension x="10" y="-10"/>
						</Offset>
					</Anchor>
				</Anchors>
			</Button>
			<Button name="$parent_Sort2" inherits="OdySortButtonTemplate" id="2">
				<Size>
					<AbsDimension x="70" y="19"/>
				</Size>
				<Anchors>
					<Anchor point="LEFT" relativeTo="$parent_Sort1" relativePoint="RIGHT">
						<Offset>
							<AbsDimension x="0" y="0"/>
						</Offset>
					</Anchor>
				</Anchors>
			</Button>
			<Button name="$parent_Sort3" inherits="OdySortButtonTemplate" id="3">
				<Size>
					<AbsDimension x="100" y="19"/>
				</Size>
				<Anchors>
					<Anchor point="LEFT" relativeTo="$parent_Sort2" relativePoint="RIGHT">
						<Offset>
							<AbsDimension x="0" y="0"/>
						</Offset>
					</Anchor>
				</Anchors>
			</Button>
			<Button name="$parent_Sort4" inherits="OdySortButtonTemplate" id="4">
				<Size>
					<AbsDimension x="100" y="19"/>
				</Size>
				<Anchors>
					<Anchor point="LEFT" relativeTo="$parent_Sort3" relativePoint="RIGHT">
						<Offset>
							<AbsDimension x="0" y="0"/>
						</Offset>
					</Anchor>
				</Anchors>
			</Button>
			<Button name="$parent_Sort5" inherits="OdySortButtonTemplate" id="5">
				<Size>
					<AbsDimension x="50" y="19"/>
				</Size>
				<Anchors>
					<Anchor point="LEFT" relativeTo="$parent_Sort4" relativePoint="RIGHT">
						<Offset>
							<AbsDimension x="0" y="0"/>
						</Offset>
					</Anchor>
				</Anchors>
			</Button>
			<Button name="$parent_Sort6" inherits="OdySortButtonTemplate" id="6">
				<Size>
					<AbsDimension x="80" y="19"/>
				</Size>
				<Anchors>
					<Anchor point="LEFT" relativeTo="$parent_Sort5" relativePoint="RIGHT">
						<Offset>
							<AbsDimension x="0" y="0"/>
						</Offset>
					</Anchor>
				</Anchors>
			</Button>
			<Button name="$parent_Sort7" inherits="OdySortButtonTemplate" id="7">
				<Size>
					<AbsDimension x="80" y="19"/>
				</Size>
				<Anchors>
					<Anchor point="LEFT" relativeTo="$parent_Sort6" relativePoint="RIGHT">
						<Offset>
							<AbsDimension x="0" y="0"/>
						</Offset>
					</Anchor>
				</Anchors>
			</Button>
			<Button name="$parent_Sort8" inherits="OdySortButtonTemplate" id="8">
				<Size>
					<AbsDimension x="80" y="19"/>
				</Size>
				<Anchors>
					<Anchor point="LEFT" relativeTo="$parent_Sort7" relativePoint="RIGHT">
						<Offset>
							<AbsDimension x="0" y="0"/>
						</Offset>
					</Anchor>
				</Anchors>
			</Button>
		</Frames>
	</Frame>

</Ui>