﻿<Ui xmlns:xsi="http://www.w3.org/2001/XMLSchema-instance" xmlns:xsd="http://www.w3.org/2001/XMLSchema" xmlns="http://www.blizzard.com/wow/ui/">
	<Script file="TabSearch.lua"></Script>
	
	<Frame name="OdysseyTabSearch" parent="OdysseyFrame" hidden="true">
		<Size>
			<AbsDimension x="758" y="447"/>
		</Size>
		<Anchors>
			<Anchor point="TOPLEFT"/>
		</Anchors>
		<Layers>
			<Layer level="OVERLAY">
				<FontString name="$parentStatus" inherits="GameFontNormal" justifyH="LEFT">
					<Size x="320" y="24" />
					<Anchors>
						<Anchor point="BOTTOMRIGHT">
							<Offset x="-250" y="13" />
						</Anchor>
					</Anchors>
					<Color r="255" g="255" b="255" />
				</FontString>
			</Layer>
		</Layers>
		<Frames>
			<Button name="$parentMenuItem1" inherits="OdyMenuItemTemplate" id="1">
				<Anchors>
					<Anchor point="TOPLEFT">
						<Offset>
							<AbsDimension x="23" y="-105"/>
						</Offset>
					</Anchor>
				</Anchors>
			</Button>
			<Button name="$parentMenuItem2" inherits="OdyMenuItemTemplate" id="2">
				<Anchors>
					<Anchor point="TOPLEFT" relativeTo="$parentMenuItem1" relativePoint="BOTTOMLEFT">
						<Offset>
							<AbsDimension x="0" y="0"/>
						</Offset>
					</Anchor>
				</Anchors>
			</Button>
			<Button name="$parentMenuItem3" inherits="OdyMenuItemTemplate" id="3">
				<Anchors>
					<Anchor point="TOPLEFT" relativeTo="$parentMenuItem2" relativePoint="BOTTOMLEFT">
						<Offset>
							<AbsDimension x="0" y="0"/>
						</Offset>
					</Anchor>
				</Anchors>
			</Button>
			<Button name="$parentMenuItem4" inherits="OdyMenuItemTemplate" id="4">
				<Anchors>
					<Anchor point="TOPLEFT" relativeTo="$parentMenuItem3" relativePoint="BOTTOMLEFT">
						<Offset>
							<AbsDimension x="0" y="0"/>
						</Offset>
					</Anchor>
				</Anchors>
			</Button>
			<Button name="$parentMenuItem5" inherits="OdyMenuItemTemplate" id="5">
				<Anchors>
					<Anchor point="TOPLEFT" relativeTo="$parentMenuItem4" relativePoint="BOTTOMLEFT">
						<Offset>
							<AbsDimension x="0" y="0"/>
						</Offset>
					</Anchor>
				</Anchors>
			</Button>
			<Button name="$parentMenuItem6" inherits="OdyMenuItemTemplate" id="6">
				<Anchors>
					<Anchor point="TOPLEFT" relativeTo="$parentMenuItem5" relativePoint="BOTTOMLEFT">
						<Offset>
							<AbsDimension x="0" y="0"/>
						</Offset>
					</Anchor>
				</Anchors>
			</Button>
			<Button name="$parentMenuItem7" inherits="OdyMenuItemTemplate" id="7">
				<Anchors>
					<Anchor point="TOPLEFT" relativeTo="$parentMenuItem6" relativePoint="BOTTOMLEFT">
						<Offset>
							<AbsDimension x="0" y="0"/>
						</Offset>
					</Anchor>
				</Anchors>
			</Button>
			<Button name="$parentMenuItem8" inherits="OdyMenuItemTemplate" id="8">
				<Anchors>
					<Anchor point="TOPLEFT" relativeTo="$parentMenuItem7" relativePoint="BOTTOMLEFT">
						<Offset>
							<AbsDimension x="0" y="0"/>
						</Offset>
					</Anchor>
				</Anchors>
			</Button>
			<Button name="$parentMenuItem9" inherits="OdyMenuItemTemplate" id="9">
				<Anchors>
					<Anchor point="TOPLEFT" relativeTo="$parentMenuItem8" relativePoint="BOTTOMLEFT">
						<Offset>
							<AbsDimension x="0" y="0"/>
						</Offset>
					</Anchor>
				</Anchors>
			</Button>
			<Button name="$parentMenuItem10" inherits="OdyMenuItemTemplate" id="10">
				<Anchors>
					<Anchor point="TOPLEFT" relativeTo="$parentMenuItem9" relativePoint="BOTTOMLEFT">
						<Offset>
							<AbsDimension x="0" y="0"/>
						</Offset>
					</Anchor>
				</Anchors>
			</Button>
			<Button name="$parentMenuItem11" inherits="OdyMenuItemTemplate" id="11">
				<Anchors>
					<Anchor point="TOPLEFT" relativeTo="$parentMenuItem10" relativePoint="BOTTOMLEFT">
						<Offset>
							<AbsDimension x="0" y="0"/>
						</Offset>
					</Anchor>
				</Anchors>
			</Button>
			<Button name="$parentMenuItem12" inherits="OdyMenuItemTemplate" id="12">
				<Anchors>
					<Anchor point="TOPLEFT" relativeTo="$parentMenuItem11" relativePoint="BOTTOMLEFT">
						<Offset>
							<AbsDimension x="0" y="0"/>
						</Offset>
					</Anchor>
				</Anchors>
			</Button>
			<Button name="$parentMenuItem13" inherits="OdyMenuItemTemplate" id="13">
				<Anchors>
					<Anchor point="TOPLEFT" relativeTo="$parentMenuItem12" relativePoint="BOTTOMLEFT">
						<Offset>
							<AbsDimension x="0" y="0"/>
						</Offset>
					</Anchor>
				</Anchors>
			</Button>
			<Button name="$parentMenuItem14" inherits="OdyMenuItemTemplate" id="14">
				<Anchors>
					<Anchor point="TOPLEFT" relativeTo="$parentMenuItem13" relativePoint="BOTTOMLEFT">
						<Offset>
							<AbsDimension x="0" y="0"/>
						</Offset>
					</Anchor>
				</Anchors>
			</Button>
			<Button name="$parentMenuItem15" inherits="OdyMenuItemTemplate" id="15">
				<Anchors>
					<Anchor point="TOPLEFT" relativeTo="$parentMenuItem14" relativePoint="BOTTOMLEFT">
						<Offset>
							<AbsDimension x="0" y="0"/>
						</Offset>
					</Anchor>
				</Anchors>
			</Button>
			<ScrollFrame name="OdysseySearchMenuScrollFrame" inherits="FauxScrollFrameTemplate">
				<Size>
					<AbsDimension x="160" y="305"/>
				</Size>
				<Anchors>
					<Anchor point="TOPRIGHT" relativePoint="TOPLEFT">
						<Offset>
							<AbsDimension x="158" y="-105"/>
						</Offset>
					</Anchor>
				</Anchors>
				<Layers>
					<Layer level="ARTWORK">
						<Texture file="Interface\PaperDollInfoFrame\UI-Character-ScrollBar">
							<Size>
								<AbsDimension x="31" y="256"/>
							</Size>
							<Anchors>
								<Anchor point="TOPLEFT" relativePoint="TOPRIGHT">
									<Offset>
										<AbsDimension x="-2" y="5"/>
									</Offset>
								</Anchor>
							</Anchors>
							<TexCoords left="0" right="0.484375" top="0" bottom="1.0"/>
						</Texture>
						<Texture file="Interface\PaperDollInfoFrame\UI-Character-ScrollBar">
							<Size>
								<AbsDimension x="31" y="106"/>
							</Size>
							<Anchors>
								<Anchor point="BOTTOMLEFT" relativePoint="BOTTOMRIGHT">
									<Offset>
										<AbsDimension x="-2" y="-2"/>
									</Offset>
								</Anchor>
							</Anchors>
							<TexCoords left="0.515625" right="1.0" top="0" bottom="0.4140625"/>
						</Texture>
					</Layer>
				</Layers>
				<Scripts>
					<OnVerticalScroll>
						FauxScrollFrame_OnVerticalScroll(self, offset, 20, Odyssey.Tabs.Search.Update)
					</OnVerticalScroll>
					<OnShow>
--						Odyssey.Tabs.Search:Update()
					</OnShow>
				</Scripts>
			</ScrollFrame>
		</Frames>
		<Scripts>
			<OnShow>
				Odyssey.Tabs.Search:Update()
			</OnShow>
		</Scripts>
	</Frame>
</Ui>