﻿<Ui xmlns:xsi="http://www.w3.org/2001/XMLSchema-instance" xmlns:xsd="http://www.w3.org/2001/XMLSchema" xmlns="http://www.blizzard.com/wow/ui/">
	<Script file="ZoneMaps.lua"></Script>

	<Frame name="OdysseyFrameZoneMaps" parent="OdysseyTabMaps" hidden="true">
		<Size>
			<AbsDimension x="615" y="306"/>
		</Size>
		<Anchors>
			<Anchor point="TOPRIGHT">
				<Offset>
					<AbsDimension x="39" y="-105"/>
				</Offset>
			</Anchor>
		</Anchors>
		<Layers>
			<Layer level="BACKGROUND">
				<Texture name="$parentTile1">
					<Size>
						<AbsDimension x="112" y="112"/>
					</Size>
					<Anchors>
						<Anchor point="TOPLEFT">
							<Offset>
								<AbsDimension x="10" y="-5"/>
							</Offset>
						</Anchor>
					</Anchors>
				</Texture>
				<Texture name="$parentTile2">
					<Size>
						<AbsDimension x="112" y="112"/>
					</Size>
					<Anchors>
						<Anchor point="TOPLEFT" relativeTo="$parentTile1" relativePoint="TOPRIGHT"/>
					</Anchors>
				</Texture>
				<Texture name="$parentTile3">
					<Size>
						<AbsDimension x="112" y="112"/>
					</Size>
					<Anchors>
						<Anchor point="TOPLEFT" relativeTo="$parentTile2" relativePoint="TOPRIGHT"/>
					</Anchors>
				</Texture>
				<Texture name="$parentTile4">
					<Size>
						<AbsDimension x="112" y="112"/>
					</Size>
					<Anchors>
						<Anchor point="TOPLEFT" relativeTo="$parentTile3" relativePoint="TOPRIGHT"/>
					</Anchors>
				</Texture>	
				<Texture name="$parentTile5">
					<Size>
						<AbsDimension x="112" y="112"/>
					</Size>
					<Anchors>
						<Anchor point="TOPLEFT" relativeTo="$parentTile1" relativePoint="BOTTOMLEFT"/>
					</Anchors>
				</Texture>
				<Texture name="$parentTile6">
					<Size>
						<AbsDimension x="112" y="112"/>
					</Size>
					<Anchors>
						<Anchor point="TOPLEFT" relativeTo="$parentTile5" relativePoint="TOPRIGHT"/>
					</Anchors>
				</Texture>
				<Texture name="$parentTile7">
					<Size>
						<AbsDimension x="112" y="112"/>
					</Size>
					<Anchors>
						<Anchor point="TOPLEFT" relativeTo="$parentTile6" relativePoint="TOPRIGHT"/>
					</Anchors>
				</Texture>
				<Texture name="$parentTile8">
					<Size>
						<AbsDimension x="112" y="112"/>
					</Size>
					<Anchors>
						<Anchor point="TOPLEFT" relativeTo="$parentTile7" relativePoint="TOPRIGHT"/>
					</Anchors>
				</Texture>
				<Texture name="$parentTile9">
					<Size>
						<AbsDimension x="112" y="112"/>
					</Size>
					<Anchors>
						<Anchor point="TOPLEFT" relativeTo="$parentTile5" relativePoint="BOTTOMLEFT"/>
					</Anchors>
				</Texture>
				<Texture name="$parentTile10">
					<Size>
						<AbsDimension x="112" y="112"/>
					</Size>
					<Anchors>
						<Anchor point="TOPLEFT" relativeTo="$parentTile9" relativePoint="TOPRIGHT"/>
					</Anchors>
				</Texture>
				<Texture name="$parentTile11">
					<Size>
						<AbsDimension x="112" y="112"/>
					</Size>
					<Anchors>
						<Anchor point="TOPLEFT" relativeTo="$parentTile10" relativePoint="TOPRIGHT"/>
					</Anchors>
				</Texture>
				<Texture name="$parentTile12">
					<Size>
						<AbsDimension x="112" y="112"/>
					</Size>
					<Anchors>
						<Anchor point="TOPLEFT" relativeTo="$parentTile11" relativePoint="TOPRIGHT"/>
					</Anchors>
				</Texture>
			</Layer>
		</Layers>
	</Frame>

</Ui>