﻿<Ui xmlns:xsi="http://www.w3.org/2001/XMLSchema-instance" xmlns:xsd="http://www.w3.org/2001/XMLSchema" xmlns="http://www.blizzard.com/wow/ui/">
	<Script file="Core.lua"></Script>
	<Script file="Helpers.lua"></Script>
	<Script file="Continents.lua"></Script>
	<Script file="Zones.lua"></Script>
	<Script file="MapOverlays.lua"></Script>
	<Script file="QuestFilters.lua"></Script>
	<Script file="Odyssey.lua"></Script>
	
	<GameTooltip name="OdyTooltip" inherits="GameTooltipTemplate" parent="UIParent" hidden="true" />

	<Button name="OdysseyMinimapButton" parent="Minimap" toplevel="true">
		<Size>
			<AbsDimension x="33" y="33"/>
		</Size>
		<Anchors>
			<Anchor point="CENTER" relativeTo="Minimap" relativePoint="RIGHT">
				<Offset>
					<AbsDimension x="5" y="0"/>
				</Offset>
			</Anchor>
		</Anchors>		
		<Scripts>
			<OnLoad>
				self:RegisterForClicks("LeftButtonDown", "RightButtonDown");
				self:RegisterForDrag("RightButton")
			</OnLoad>
			<OnClick>
				if button == "LeftButton" then
					Odyssey:ToggleUI()
				end
			</OnClick>
			<OnUpdate>
				if(self.isMoving == true) then
					Odyssey:UpdateMinimapIconCoords()
				end
			</OnUpdate>
			<OnDragStart>
				self.isMoving = true;
			</OnDragStart>
			<OnDragStop>
				self.isMoving = false;
			</OnDragStop>
			<OnEnter> 
				Odyssey:ShowWidgetTooltip(self)
			</OnEnter>
			<OnLeave>
				OdyTooltip:Hide();
			</OnLeave>
		</Scripts>
		<Layers>
			<Layer level="ARTWORK">
				<Texture name="$parentIcon" file="Interface\Icons\Spell_Arcane_TeleportTheramore">
					<Size>
						<AbsDimension x="21" y="21"/>
					</Size>
					<Anchors>
						<Anchor point="TOPLEFT">
							<Offset>
								<AbsDimension x="7" y="-6"/>
							</Offset>
						</Anchor>
					</Anchors>
					<TexCoords left="0.075" right="0.925" top="0.075" bottom="0.925"/>
				</Texture>
			</Layer>
			<Layer level="OVERLAY">
				<Texture file="Interface\Minimap\MiniMap-TrackingBorder">
					<Size>
						<AbsDimension x="56" y="56"/>
					</Size>
					<Anchors>
						<Anchor point="TOPLEFT"/>
					</Anchors>
				</Texture>
			</Layer>
		</Layers>
		<HighlightTexture alphaMode="ADD" file="Interface\Minimap\UI-Minimap-ZoomButton-Highlight"/>
	</Button>

	<Frame name="OdysseyFrame" toplevel="true" parent="UIParent" movable="true" enableMouse="true" hidden="true">
		<Size>
			<AbsDimension x="832" y="447"/>
		</Size>
		<Anchors>
			<Anchor point="TOPLEFT">
				<Offset>
					<AbsDimension x="0" y="-104"/>
				</Offset>
			</Anchor>
		</Anchors>
		<Scripts>
			<OnLoad>
				self:RegisterForDrag("LeftButton");
				self.elapsed = 0;
				PanelTemplates_SetNumTabs(OdysseyFrame, 3);
				PanelTemplates_SetTab(OdysseyFrame, 1);
			</OnLoad>
			<OnDragStart>
				self:StartMoving();
				self.isMoving = true;
			</OnDragStart>
			<OnDragStop>
				self:StopMovingOrSizing();
				self.isMoving = false;
			</OnDragStop>
			<OnShow>
				Odyssey:OnShow();
				PlaySound("UChatScrollButton");
			</OnShow>
			<OnHide>
				PlaySound("UChatScrollButton");
			</OnHide>
		</Scripts>
		<Layers>
			<Layer level="BACKGROUND">
				<Texture name="$parentPortrait">
					<Size>
						<AbsDimension x="58" y="58"/>
					</Size>
					<Anchors>
						<Anchor point="TOPLEFT">
							<Offset>
								<AbsDimension x="12" y="-8"/>
							</Offset>
						</Anchor>
					</Anchors>
				</Texture>
			</Layer>
			<Layer level="ARTWORK">
				<Texture name="$parentTopLeft" file="Interface\AuctionFrame\UI-AuctionFrame-Browse-TopLeft">
					<Size>
						<AbsDimension x="256" y="256"/>
					</Size>
					<Anchors>
						<Anchor point="TOPLEFT"/>
					</Anchors>
				</Texture>
				<Texture name="$parentTop" file="Interface\AuctionFrame\UI-AuctionFrame-Browse-Top">
					<Size>
						<AbsDimension x="320" y="256"/>
					</Size>
					<Anchors>
						<Anchor point="TOPLEFT">
							<Offset>
								<AbsDimension x="256" y="0"/>
							</Offset>
						</Anchor>
					</Anchors>
				</Texture>
				<Texture name="$parentTopRight" file="Interface\AuctionFrame\UI-AuctionFrame-Browse-TopRight">
					<Size>
						<AbsDimension x="256" y="256"/>
					</Size>
					<Anchors>
						<Anchor point="TOPLEFT" relativeTo="$parentTop" relativePoint="TOPRIGHT">
							<Offset>
								<AbsDimension x="0" y="0"/>
							</Offset>
						</Anchor>
					</Anchors>
				</Texture>
				<Texture name="$parentBotLeft" file="Interface\AuctionFrame\UI-AuctionFrame-Browse-BotLeft">
					<Size>
						<AbsDimension x="256" y="256"/>
					</Size>
					<Anchors>
						<Anchor point="TOPLEFT">
							<Offset>
								<AbsDimension x="0" y="-256"/>
							</Offset>
						</Anchor>
					</Anchors>
				</Texture>
				<Texture name="$parentBot" file="Interface\AuctionFrame\UI-AuctionFrame-Auction-Bot">
					<Size>
						<AbsDimension x="320" y="256"/>
					</Size>
					<Anchors>
						<Anchor point="TOPLEFT">
							<Offset>
								<AbsDimension x="256" y="-256"/>
							</Offset>
						</Anchor>
					</Anchors>
				</Texture>
				<Texture name="$parentBotRight" file="Interface\AuctionFrame\UI-AuctionFrame-Bid-BotRight">
					<Size>
						<AbsDimension x="256" y="256"/>
					</Size>
					<Anchors>
						<Anchor point="TOPLEFT" relativeTo="$parentBot" relativePoint="TOPRIGHT">
							<Offset>
								<AbsDimension x="0" y="0"/>
							</Offset>
						</Anchor>
					</Anchors>
				</Texture>
			</Layer>
			<Layer level="OVERLAY">
				<FontString name="$parentName" inherits="GameFontNormal" justifyH="CENTER">
					<Size>
						<AbsDimension x="200" y="18"/>
					</Size>
					<Anchors>
						<Anchor point="TOPLEFT">
							<Offset>
								<AbsDimension x="350" y="-16"/>
							</Offset>
						</Anchor>
					</Anchors>
				</FontString>

				<FontString name="$parentSearchLabel" inherits="GameFontNormalSmall" text="SEARCH">
					<Size x="120" y="20" />
					<Anchors>
						<Anchor point="TOPLEFT">
							<Offset x="70" y="-35" />
						</Anchor>
					</Anchors>
					<Color r="255" g="255" b="255" />
				</FontString>
			</Layer>
		</Layers>
		<Frames>
			<Button name="$parentTab1" inherits="OdyTabTemplate" id="1" text="QUESTS_LABEL">
				<Anchors>
					<Anchor point="TOPLEFT" relativePoint="BOTTOMLEFT">
						<Offset>
							<AbsDimension x="15" y="11"/>
						</Offset>
					</Anchor>
				</Anchors>
			</Button>
			<Button name="$parentTab2" inherits="OdyTabTemplate" id="2">
				<Anchors>
					<Anchor point="TOPLEFT" relativeTo="$parentTab1" relativePoint="TOPRIGHT">
						<Offset>
							<AbsDimension x="-8" y="0"/>
						</Offset>
					</Anchor>
				</Anchors>
			</Button>
			<Button name="$parentTab3" inherits="OdyTabTemplate" id="3" text="SEARCH">
				<Anchors>
					<Anchor point="TOPLEFT" relativeTo="$parentTab2" relativePoint="TOPRIGHT">
						<Offset>
							<AbsDimension x="-8" y="0"/>
						</Offset>
					</Anchor>
				</Anchors>
			</Button>

			<EditBox name="$parent_SearchEditBox" inherits="InputBoxTemplate">
				<Size x="140" y="16" />
				<Anchors>
					<Anchor point="TOPLEFT" relativeTo="$parentSearchLabel" relativePoint="BOTTOMLEFT" >
						<Offset x="10" y="0" />
					</Anchor>
				</Anchors>
				<Scripts>
					<OnLoad>
						self:SetAutoFocus( false );
					</OnLoad>
					<OnEnterPressed>
						Odyssey.Search:Find();
						self:ClearFocus();
					</OnEnterPressed>
					<OnEscapePressed>
						Odyssey:ToggleUI()
					</OnEscapePressed>
				</Scripts>
			</EditBox>
			<Button name="$parent_ResetButton" inherits="UIPanelButtonTemplate" text="RESET">
				<Size>
					<AbsDimension x="80" y="24"/>
				</Size>
				<Anchors>
					<Anchor point="TOPLEFT" relativeTo="$parent_SearchEditBox" relativePoint="BOTTOMLEFT" >
						<Offset>
							<AbsDimension x="-40" y="0"/>
						</Offset>
					</Anchor>
				</Anchors>
				<Scripts>
					<OnClick>
						Odyssey.Tabs.Search:Reset()
					</OnClick>
				</Scripts>
			</Button>
			<Button name="$parent_SearchButton" inherits="UIPanelButtonTemplate" text="SEARCH">
				<Size>
					<AbsDimension x="80" y="24"/>
				</Size>
				<Anchors>
					<Anchor point="LEFT" relativeTo="$parent_ResetButton" relativePoint="RIGHT" >
						<Offset>
							<AbsDimension x="10" y="0"/>
						</Offset>
					</Anchor>
				</Anchors>
				<Scripts>
					<OnClick>
						Odyssey.Search:Find();
					</OnClick>
				</Scripts>
			</Button>
			<Button name="$parentCloseButton" inherits="UIPanelCloseButton">
				<Anchors>
					<Anchor point="TOPRIGHT">
						<Offset>
							<AbsDimension x="3" y="-8"/>
						</Offset>
					</Anchor>
				</Anchors>
			</Button>
		</Frames>
	</Frame>

</Ui>