﻿<Ui xmlns:xsi="http://www.w3.org/2001/XMLSchema-instance" xmlns:xsd="http://www.w3.org/2001/XMLSchema" xmlns="http://www.blizzard.com/wow/ui/">
	<Script file="Options.lua"></Script>

	<Frame name="OdysseyGeneralOptions" hidden="true">
		<Size>
			<AbsDimension x="615" y="306"/>
		</Size>
		<Layers>
			<Layer level="OVERLAY">
				<FontString name="$parent_Title" inherits="GameFontHighlightLarge" justifyH="CENTER">
					<Size>
						<AbsDimension x="400" y="30"/>
					</Size>
					<Anchors>
						<Anchor point="TOP" />
					</Anchors>
				</FontString>
			</Layer>
		</Layers>
		<Frames>
			<CheckButton name="$parent_ShowMinimap" inherits="InterfaceOptionsSmallCheckButtonTemplate">
				<Size>
					<AbsDimension x="20" y="20"/>
				</Size>
				<Anchors> 
					<Anchor point="TOPLEFT">
						<Offset>
							<AbsDimension  x="30" y="-50"/>
						</Offset>
					</Anchor>
				</Anchors>
				<Scripts>
					<OnClick>
						if self:GetChecked() then 
							Odyssey:SetOption("ShowMinimap", 1)
							OdysseyMinimapButton:Show()
						else
							Odyssey:SetOption("ShowMinimap", 0)
							OdysseyMinimapButton:Hide()
						end
					</OnClick>
				</Scripts>
			</CheckButton>
			<Slider name="$parent_SliderAngle" inherits="OptionsSliderTemplate"  minValue="1" maxValue="360" defaultValue="180" valueStep="1">
				<Size>
					<AbsDimension x="180" y="16"/>
				</Size>
				<Anchors>
					<Anchor point="TOPLEFT" relativeTo="$parent_ShowMinimap" relativePoint="BOTTOMLEFT">
						<Offset>
							<AbsDimension x="20" y="-30" />
						</Offset>
					</Anchor>
				</Anchors>
				<Scripts>
					<OnValueChanged>
						local L = LibStub("AceLocale-3.0"):GetLocale("Odyssey")
						Odyssey:UpdateSlider(self, L["Minimap Icon Angle"], "MinimapIconAngle")
					</OnValueChanged>
				</Scripts>
			</Slider>
			<Slider name="$parent_SliderRadius" inherits="OptionsSliderTemplate"  minValue="1" maxValue="200" defaultValue="78" valueStep="1">
				<Size>
					<AbsDimension x="180" y="16"/>
				</Size>
				<Anchors>
					<Anchor point="TOPLEFT" relativeTo="$parent_ShowMinimap" relativePoint="BOTTOMLEFT">
						<Offset>
							<AbsDimension x="20" y="-80" />
						</Offset>
					</Anchor>
				</Anchors>
				<Scripts>
					<OnValueChanged>
						local L = LibStub("AceLocale-3.0"):GetLocale("Odyssey")
						Odyssey:UpdateSlider(self, L["Minimap Icon Radius"], "MinimapIconRadius")
					</OnValueChanged>
				</Scripts>
			</Slider>
			
			<Slider name="$parent_SliderScale" inherits="OptionsSliderTemplate"  minValue="0.5" maxValue="4.0" defaultValue="1.0" valueStep="0.1">
				<Size>
					<AbsDimension x="180" y="16"/>
				</Size>
				<Anchors>
					<Anchor point="TOPLEFT" relativeTo="$parent_ShowMinimap" relativePoint="BOTTOMLEFT">
						<Offset>
							<AbsDimension x="20" y="-130" />
						</Offset>
					</Anchor>
				</Anchors>
				<Scripts>
					<OnLoad>
						local name = self:GetName()
						_G[name .. "Low"]:SetText("0.5");
						_G[name .. "High"]:SetText("4.0"); 
						_G[name .. "Text"]:SetText(format("%s (%1.1f)", UI_SCALE, self:GetValue()));
					</OnLoad>
					<OnValueChanged>
						local value = self:GetValue()
						_G[self:GetName() .. "Text"]:SetText(format("%s (%1.1f)", UI_SCALE, value));
					</OnValueChanged>
				</Scripts>
			</Slider>
			<Button name="$parent_ResetButton" inherits="UIPanelButtonTemplate" text="RESET">
				<Size>
					<AbsDimension x="80" y="24"/>
				</Size>
				<Anchors>
					<Anchor point="TOPLEFT" relativeTo="$parent_ShowMinimap" relativePoint="BOTTOMLEFT">
						<Offset>
							<AbsDimension x="20" y="-165" />
						</Offset>
					</Anchor>
				</Anchors>
				<Scripts>
					<OnClick>
						local name = self:GetParent():GetName()
						_G[name .. "_SliderScale"]:SetValue(1.0)
						_G[name .. "_SliderScaleText"]:SetText(format("%s (%1.1f)", UI_SCALE, 1.0));
						OdysseyFrame:SetScale(1.0)
						Odyssey:SetOption("UIScale", 1.0)
					</OnClick>
				</Scripts>
			</Button>
			<Button name="$parent_ApplyButton" inherits="UIPanelButtonTemplate" text="APPLY">
				<Size>
					<AbsDimension x="80" y="24"/>
				</Size>
				<Anchors>
					<Anchor point="TOPLEFT" relativeTo="$parent_ResetButton" relativePoint="TOPRIGHT" >
						<Offset>
							<AbsDimension x="20" y="0" />
						</Offset>
					</Anchor>
				</Anchors>
				<Scripts>
					<OnClick>
						local name = self:GetParent():GetName()
						local value = _G[name .. "_SliderScale"]:GetValue()
						OdysseyFrame:SetScale(value)
						Odyssey:SetOption("UIScale", value)
					</OnClick>
				</Scripts>
			</Button>
			<Slider name="$parent_SliderAlpha" inherits="OptionsSliderTemplate"  minValue="0.1" maxValue="1" defaultValue="1" valueStep="0.05">
				<Size>
					<AbsDimension x="180" y="16"/>
				</Size>
				<Anchors>
					<Anchor point="TOPLEFT" relativeTo="$parent_ShowMinimap" relativePoint="BOTTOMLEFT">
						<Offset>
							<AbsDimension x="20" y="-210" />
						</Offset>
					</Anchor>
				</Anchors>
				<Scripts>
					<OnValueChanged>
						local L = LibStub("AceLocale-3.0"):GetLocale("Odyssey")
						
						local value = self:GetValue()
						_G[self:GetName() .. "Text"]:SetText(format("%s (%1.2f)", L["Transparency"], value));
						OdysseyFrame:SetAlpha(value)
						Odyssey:SetOption("UITransparency", value)
					</OnValueChanged>
				</Scripts>
			</Slider>
		</Frames>
	</Frame>

	<Frame name="OdysseyHelp" hidden="true">
		<Size>
			<AbsDimension x="615" y="400"/>
		</Size>
		<Scripts>
			<OnUpdate>
				Odyssey:OnUpdate(self)
			</OnUpdate>
			<OnShow>
				Odyssey:OnUpdate(self, true)
			</OnShow>
		</Scripts>
		<Frames>
			<ScrollFrame name="$parent_ScrollFrame" inherits="UIPanelScrollFrameTemplate">
				<Size>
					<AbsDimension x="615" y="400"/>
				</Size>
				<Anchors>
					<Anchor point="TOPLEFT">
						<Offset>
							<AbsDimension x="10" y="-20"/>
						</Offset>
					</Anchor>
				</Anchors>
				<ScrollChild>
					<Frame name="$parentScrollChildFrame">
						<Size>
							<AbsDimension x="270" y="304"/>
						</Size>
						<Anchors>
							<Anchor point="TOPLEFT">
								<Offset>
									<AbsDimension x="0" y="0"/>
								</Offset>
							</Anchor>
						</Anchors>
						<Layers>
							<Layer level="OVERLAY">
								<FontString name="OdysseyHelp_Text" inherits="GameFontNormal" justifyH="LEFT" justifyV="TOP">
									<Size>
										<AbsDimension x="580" />
									</Size>
									<Anchors>
										<Anchor point="TOPLEFT">
											<Offset>
												<AbsDimension x="0" y="0"/>
											</Offset>
										</Anchor>
									</Anchors>
								</FontString>
							</Layer>
						</Layers>
					</Frame>
				</ScrollChild>
			</ScrollFrame>
		</Frames>
	</Frame>	

	<Frame name="OdysseySupport" hidden="true">
		<Size>
			<AbsDimension x="615" y="400"/>
		</Size>
		<Scripts>
			<OnUpdate>
				Odyssey:OnUpdate(self)
			</OnUpdate>
			<OnShow>
				Odyssey:OnUpdate(self, true)
			</OnShow>
		</Scripts>
		<Frames>
			<ScrollFrame name="$parent_ScrollFrame" inherits="UIPanelScrollFrameTemplate">
				<Size>
					<AbsDimension x="615" y="400"/>
				</Size>
				<Anchors>
					<Anchor point="TOPLEFT">
						<Offset>
							<AbsDimension x="10" y="-20"/>
						</Offset>
					</Anchor>
				</Anchors>
				<ScrollChild>
					<Frame name="$parentScrollChildFrame">
						<Size>
							<AbsDimension x="270" y="304"/>
						</Size>
						<Anchors>
							<Anchor point="TOPLEFT">
								<Offset>
									<AbsDimension x="0" y="0"/>
								</Offset>
							</Anchor>
						</Anchors>
						<Layers>
							<Layer level="OVERLAY">
								<FontString name="OdysseySupport_Text" inherits="GameFontNormal" justifyH="LEFT" justifyV="TOP">
									<Size>
										<AbsDimension x="580" />
									</Size>
									<Anchors>
										<Anchor point="TOPLEFT">
											<Offset>
												<AbsDimension x="0" y="0"/>
											</Offset>
										</Anchor>
									</Anchors>
								</FontString>
							</Layer>
						</Layers>
					</Frame>
				</ScrollChild>
			</ScrollFrame>
		</Frames>
	</Frame>	

	<Frame name="OdysseyMemoryOptions" hidden="true">
		<Size>
			<AbsDimension x="615" y="306"/>
		</Size>
		<Layers>
			<Layer level="OVERLAY">
				<FontString name="$parent_AddonsText" inherits="GameFontNormal" justifyH="LEFT">
					<Size>
						<AbsDimension x="60" y="20"/>
					</Size>
					<Anchors>
						<Anchor point="TOPLEFT">
							<Offset>
								<AbsDimension x="20" y="-40"/>
							</Offset>
						</Anchor>
					</Anchors>
				</FontString>
				<FontString name="$parent_AddonsList" inherits="GameFontNormal" justifyH="LEFT" justifyV="TOP">
					<Size>
						<AbsDimension x="220" y="240"/>
					</Size>
					<Anchors>
						<Anchor point="TOPLEFT" relativeTo="$parent_AddonsText" relativePoint="BOTTOMLEFT">
							<Offset>
								<AbsDimension x="20" y="-20"/>
							</Offset>
						</Anchor>
					</Anchors>
				</FontString>
				<FontString name="$parent_AddonsMem" inherits="GameFontNormal" justifyH="RIGHT" justifyV="TOP">
					<Size>
						<AbsDimension x="60" y="240"/>
					</Size>
					<Anchors>
						<Anchor point="TOPLEFT" relativeTo="$parent_AddonsList" relativePoint="TOPRIGHT">
							<Offset>
								<AbsDimension x="20" y="0"/>
							</Offset>
						</Anchor>
					</Anchors>
				</FontString>
			</Layer>
		</Layers>
		<Scripts>
			<OnShow>
				Odyssey:UpdateMyMemoryUsage()
			</OnShow>
		</Scripts>
	</Frame>
	
	<Frame name="OdysseyQuestOptions" hidden="true">
		<Size>
			<AbsDimension x="615" y="306"/>
		</Size>
		<Frames>
			<CheckButton name="$parent_ShowLevelZeroQuests" inherits="InterfaceOptionsSmallCheckButtonTemplate">
				<Size>
					<AbsDimension x="20" y="20"/>
				</Size>
				<Anchors> 
					<Anchor point="TOPLEFT">
						<Offset>
							<AbsDimension  x="40" y="-40"/>
						</Offset>
					</Anchor>
				</Anchors>      
				<Scripts>
					<OnClick>
						Odyssey:ToggleOption(self, "ShowLevelZeroQuests")
					</OnClick>
				</Scripts>
			</CheckButton>
		</Frames>
	</Frame>
	
	<Frame name="OdysseyTooltipOptions" hidden="true">
		<Size>
			<AbsDimension x="615" y="306"/>
		</Size>
		<Frames>
			<CheckButton name="$parentSeries" inherits="InterfaceOptionsSmallCheckButtonTemplate">
				<Size>
					<AbsDimension x="20" y="20"/>
				</Size>
				<Anchors> 
					<Anchor point="TOPLEFT">
						<Offset>
							<AbsDimension  x="20" y="-20"/>
						</Offset>
					</Anchor>
				</Anchors>      
				<Scripts>
					<OnClick>
						Odyssey:ToggleOption(self, "TooltipSeries")
					</OnClick>
				</Scripts>
			</CheckButton>
			<CheckButton name="$parentQuestType" inherits="InterfaceOptionsSmallCheckButtonTemplate">
				<Size>
					<AbsDimension x="20" y="20"/>
				</Size>
				<Anchors> 
					<Anchor point="TOPLEFT" relativeTo="$parentSeries" relativePoint="BOTTOMLEFT">
						<Offset>
							<AbsDimension  x="0" y="-10"/>
						</Offset>
					</Anchor>
				</Anchors>      
				<Scripts>
					<OnClick>
						Odyssey:ToggleOption(self, "TooltipQuestType")
					</OnClick>
				</Scripts>
			</CheckButton>
			<CheckButton name="$parentQuestRewards" inherits="InterfaceOptionsSmallCheckButtonTemplate">
				<Size>
					<AbsDimension x="20" y="20"/>
				</Size>
				<Anchors> 
					<Anchor point="TOPLEFT" relativeTo="$parentQuestType" relativePoint="BOTTOMLEFT">
						<Offset>
							<AbsDimension  x="0" y="-10"/>
						</Offset>
					</Anchor>
				</Anchors>      
				<Scripts>
					<OnClick>
						Odyssey:ToggleOption(self, "TooltipQuestRewards")
					</OnClick>
				</Scripts>
			</CheckButton>
			<CheckButton name="$parentQuestChoices" inherits="InterfaceOptionsSmallCheckButtonTemplate">
				<Size>
					<AbsDimension x="20" y="20"/>
				</Size>
				<Anchors> 
					<Anchor point="TOPLEFT" relativeTo="$parentQuestRewards" relativePoint="BOTTOMLEFT">
						<Offset>
							<AbsDimension  x="0" y="-10"/>
						</Offset>
					</Anchor>
				</Anchors>      
				<Scripts>
					<OnClick>
						Odyssey:ToggleOption(self, "TooltipQuestChoices")
					</OnClick>
				</Scripts>
			</CheckButton>
			<CheckButton name="$parentQuestCompletedBy" inherits="InterfaceOptionsSmallCheckButtonTemplate">
				<Size>
					<AbsDimension x="20" y="20"/>
				</Size>
				<Anchors> 
					<Anchor point="TOPLEFT" relativeTo="$parentQuestChoices" relativePoint="BOTTOMLEFT">
						<Offset>
							<AbsDimension  x="0" y="-10"/>
						</Offset>
					</Anchor>
				</Anchors>      
				<Scripts>
					<OnClick>
						Odyssey:ToggleOption(self, "TooltipQuestCompletedBy")
					</OnClick>
				</Scripts>
			</CheckButton>
		</Frames>
	</Frame>
	
</Ui>
